id_time,n_flows,n_packets,n_bytes,n_dest_asn,n_dest_ports,n_dest_ip,tcp_udp_ratio_packets,tcp_udp_ratio_bytes,dir_ratio_packets,dir_ratio_bytes,avg_duration,avg_ttl,time,n_flows_roll,n_packets_roll,n_bytes_roll,z_flows,z_packets,z_bytes,anomaly
3848,45376,835412,63498355,1873.0,26646.0,30409.0,0.0,0.0,0.5,0.5,5.23,63.92,2023-11-04 18:24:56+00:00,43670.3,154462.6,11745513.6,2.2676470117889926,5.434085780232281,5.416605796881002,1
3857,44996,829261,63021304,1876.0,26922.0,30668.0,0.0,0.0,0.5,0.5,4.87,63.98,2023-11-04 19:54:56+00:00,42049.8,234691.4,17843259.0,2.2190493002754685,5.390318087071614,5.37208331261369,1
3874,34760,820561,62374554,1724.0,21490.0,23806.0,0.0,0.0,0.5,0.5,5.95,63.16,2023-11-04 22:44:56+00:00,36909.6,145457.1,11063063.2,0.9099804185585361,5.328412879707314,5.3117230645482145,1
3889,34754,827050,62859944,1849.0,21342.0,23578.0,0.0,0.0,0.5,0.5,5.71,62.42,2023-11-05 01:14:56+00:00,35052.1,180277.1,13708959.5,0.9092130862714805,5.3745856257517906,5.357023815701677,1
3891,33256,823538,62592820,1777.0,20421.0,22152.0,0.0,0.0,0.5,0.5,6.4,62.75,2023-11-05 01:34:56+00:00,35295.4,256951.4,19534949.6,0.7176357919365873,5.349595845491627,5.332093516661487,1
3893,36001,712565,54158952,1781.0,21803.0,24512.0,0.0,0.0,0.5,0.5,6.14,62.62,2023-11-05 01:54:56+00:00,35862.0,284595.6,21637264.4,1.0686903132645456,4.559962905625144,4.544972736404082,1
3894,33669,821993,62473003,1774.0,20756.0,22535.0,0.0,0.0,0.5,0.5,6.2,61.99,2023-11-05 02:04:56+00:00,35751.5,360112.5,27376299.5,0.7704538310289177,5.338602334528657,5.3209111682386645,1
3900,37871,834930,63465349,1922.0,22814.0,24432.0,0.0,0.0,0.5,0.5,6.04,61.94,2023-11-05 03:04:56+00:00,35782.2,359310.0,27313702.7,1.3078422093968887,5.430656089433477,5.413525394333418,1
3907,35385,1193214,90689121,1812.0,21727.0,24272.0,0.0,0.0,0.34,0.34,6.01,62.4,2023-11-05 04:14:56+00:00,35906.3,331889.9,25231454.7,0.9899108651268326,7.980040608434703,7.9542809122274285,1
3908,40906,828349,62959892,1859.0,24151.0,27219.0,0.0,0.0,0.5,0.5,6.12,61.74,2023-11-05 04:24:56+00:00,36666.6,408653.9,31065861.3,1.6959844579325363,5.383828713609977,5.366351818907936,1
3909,41309,1187855,90286878,1867.0,24411.0,27762.0,0.0,0.0,0.65,0.65,5.31,62.4,2023-11-05 04:34:56+00:00,37099.6,520635.5,39577030.3,1.747523609879774,7.94190842380651,7.916740151094686,1
4095,23371,801731,60923176,1608.0,16805.0,17611.0,0.0,0.0,0.5,0.5,5.98,64.99,2023-11-06 11:34:56+00:00,27236.8,136543.6,10370411.0,-0.5465441509875898,5.194427241239526,5.176268041561321,1
4102,26519,809221,61490713,1709.0,18327.0,19612.0,0.0,0.0,0.5,0.5,5.89,64.05,2023-11-06 12:44:56+00:00,26677.5,209361.2,15904408.7,-0.14395047771239408,5.247722643901435,5.229235454172586,1
4108,29306,812835,61764858,1826.0,19946.0,21439.0,0.0,0.0,0.5,0.5,5.77,65.74,2023-11-06 13:44:56+00:00,28069.8,213130.7,16190717.5,0.2124753696249536,5.2734382093513865,5.254821013053003,1
4111,30298,812892,61771389,1722.0,20210.0,22353.0,0.0,0.0,0.5,0.5,6.13,65.5,2023-11-06 14:14:56+00:00,28946.2,289709.3,22009097.8,0.33934097441815375,5.273843795192739,5.255430541897403,1
4122,29406,812425,61743215,1627.0,20339.0,22250.0,0.0,0.0,0.5,0.5,5.4,65.26,2023-11-06 16:04:56+00:00,28994.3,139825.3,10631610.1,0.22526424107588103,5.27052083751008,5.252801102965827,1
4130,28716,807080,61339826,1637.0,19457.0,21341.0,0.0,0.0,0.5,0.5,5.64,67.05,2023-11-06 17:24:56+00:00,29442.5,215468.0,16380942.5,0.13702102806448171,5.2324882704569555,5.215153387299984,1
4155,29047,804662,61159492,1741.0,19384.0,20949.0,0.0,0.0,0.5,0.5,5.34,64.4,2023-11-06 21:34:56+00:00,28570.1,141262.5,10743144.8,0.17935219256705154,5.215282892134327,5.198323074235215,1
4165,26769,806072,61262694,1718.0,17737.0,18759.0,0.0,0.0,0.5,0.5,5.96,63.26,2023-11-06 23:14:56+00:00,28462.6,140107.6,10650402.5,-0.11197829908507549,5.225315805051989,5.2079547685852,1
4193,37668,833716,63363332,1853.0,23461.0,26787.0,0.0,0.0,0.5,0.5,5.26,62.14,2023-11-07 03:54:56+00:00,33816.8,151761.6,11541716.9,1.2818808003515059,5.422017822566781,5.404004294330488,1
4215,30007,802847,61023474,1593.0,20577.0,22548.0,0.0,0.0,0.5,0.5,4.74,64.66,2023-11-07 07:34:56+00:00,28668.6,137742.2,10473187.7,0.30212535849595495,5.20236818508074,5.1856287097646,1
4219,24078,791422,60149655,1606.0,16809.0,18440.0,0.0,0.0,0.5,0.5,5.39,65.35,2023-11-07 08:14:56+00:00,27240.7,216483.5,16457370.7,-0.45612682982953284,5.12107312828337,5.1040764382465085,1
4250,28911,797242,60603795,1668.0,19910.0,21848.0,0.0,0.0,0.5,0.5,5.09,65.84,2023-11-07 13:24:56+00:00,26412.8,130977.1,9960781.5,0.1619593273937902,5.162485577347763,5.146460671808867,1
4255,29053,801286,60903797,1713.0,19482.0,21885.0,0.0,0.0,0.5,0.5,6.25,64.94,2023-11-07 14:14:56+00:00,28190.1,208959.1,15886594.3,0.18011952485410718,5.191260825460548,5.174459427340585,1
4258,29764,805994,61257302,1640.0,20311.0,22188.0,0.0,0.0,0.5,0.5,5.36,65.94,2023-11-07 14:44:56+00:00,29691.6,286868.6,21807736.3,0.27104840087020127,5.224760792848033,5.207451540973961,1
4272,37168,826528,62816103,1821.0,23945.0,25824.0,0.0,0.0,0.5,0.5,4.75,66.21,2023-11-07 17:04:56+00:00,32227.9,147340.8,11205462.9,1.2179364430968687,5.370871313309933,5.352932198174907,1
4288,36341,819027,62239941,1788.0,23207.0,25568.0,0.0,0.0,0.5,0.5,4.78,65.89,2023-11-07 19:44:56+00:00,34650.4,154870.0,11769276.7,1.1121724761976988,5.317497639696184,5.299159826708497,1
4291,34823,821736,62460335,1804.0,22214.0,24975.0,0.0,0.0,0.5,0.5,5.41,65.48,2023-11-07 20:14:56+00:00,34651.7,227982.0,17325169.8,0.9180374075726203,5.336773640472034,5.319728882003653,1
4295,35407,822410,62529107,1838.0,22395.0,24853.0,0.0,0.0,0.5,0.5,5.21,64.31,2023-11-07 20:54:56+00:00,33971.9,301018.1,22882536.4,0.9927244168460365,5.341569515157498,5.326147273932465,1
4304,31971,811238,61644520,1790.0,20706.0,21550.0,0.0,0.0,0.5,0.5,5.52,63.45,2023-11-07 22:24:56+00:00,31807.2,222534.4,16918213.6,0.5532987937921698,5.262074690252446,5.2435900404489,1
4311,28831,811610,61686382,1842.0,18894.0,19699.0,0.0,0.0,0.5,0.5,5.75,63.2,2023-11-07 23:34:56+00:00,30830.3,221404.3,16824412.1,0.15172823023304827,5.2647216715328495,5.247496960749661,1
4315,33015,820144,62335188,1843.0,20906.0,22219.0,0.0,0.0,0.5,0.5,5.48,62.98,2023-11-08 00:14:56+00:00,31104.3,222430.3,16909349.8,0.6868146117398523,5.325445699078474,5.308049092340491,1
4318,31977,819584,62296736,1867.0,20400.0,21751.0,0.0,0.0,0.5,0.5,6.05,62.85,2023-11-08 00:44:56+00:00,30533.9,294929.6,22423708.2,0.5540661260792255,5.321460996075714,5.304460422439272,1
4344,34042,811617,61692431,1766.0,22064.0,24506.0,0.0,0.0,0.5,0.5,5.08,63.58,2023-11-08 05:04:56+00:00,33837.6,149618.0,11383203.1,0.818156321540877,5.264771480320384,5.248061505226736,1
4376,25776,793364,60306113,1541.0,17848.0,19705.0,0.0,0.0,0.5,0.5,5.08,64.95,2023-11-08 10:24:56+00:00,25519.0,131886.8,10028354.7,-0.23897179259278495,5.134891509053653,5.118678438543111,1
4409,33308,812068,61709541,1741.0,21874.0,24106.0,0.0,0.0,0.5,0.5,5.31,65.25,2023-11-08 15:54:56+00:00,32821.8,150500.1,11433509.5,0.7242860050910697,5.267980589345821,5.249658356938217,1
4426,32923,1565642,118974276,1719.0,21503.0,23043.0,0.0,0.0,0.5,0.5,6.24,65.81,2023-11-08 18:44:56+00:00,35092.0,230092.9,17478478.1,0.675048850004999,10.630067340419911,10.594093780214177,1
4458,32375,817223,62097987,1848.0,20709.0,21114.0,0.0,0.0,0.5,0.5,6.26,64.28,2023-11-09 00:04:56+00:00,32501.8,150683.8,11446809.6,0.6049658344539166,5.304661203594438,5.285911463888417,1
4476,32974,815348,61955059,1851.0,21286.0,22788.0,0.0,0.0,0.5,0.5,6.18,62.64,2023-11-09 03:04:56+00:00,33137.8,154357.0,11723264.3,0.6815711744449721,5.29131956407627,5.272572199048057,1
4480,35697,817551,62118333,1847.0,22432.0,23945.0,0.0,0.0,0.5,0.5,6.24,62.31,2023-11-09 03:44:56+00:00,34097.9,226619.2,17215218.8,1.0298121440537262,5.306995101067482,5.287810326829492,1
4483,35612,807002,61329098,1988.0,23272.0,25503.0,0.0,0.0,0.5,0.5,5.3,62.89,2023-11-09 04:14:56+00:00,34922.0,299640.4,22766000.3,1.0189416033204377,5.231933258253,5.214152158477028,1
4487,33213,802554,60980491,1764.0,21632.0,24061.0,0.0,0.0,0.5,0.5,5.04,62.91,2023-11-09 04:54:56+00:00,35370.4,299239.3,22734354.2,0.7121365772126886,5.200283331545368,5.181617168144811,1
4504,26011,803705,61077771,1539.0,18199.0,19655.0,0.0,0.0,0.5,0.5,5.43,65.17,2023-11-09 07:44:56+00:00,27549.6,135564.5,10294851.8,-0.20891794468310548,5.208473319324254,5.190696170745213,1
4515,23920,793692,60311472,1569.0,16895.0,18051.0,0.0,0.0,0.5,0.5,5.55,64.48,2023-11-09 09:34:56+00:00,24549.1,130058.0,9880100.0,-0.47633324672199817,5.1372254065266985,5.119178586311775,1
4517,23039,786915,59804443,1533.0,16361.0,17649.0,0.0,0.0,0.5,0.5,5.3,65.24,2023-11-09 09:54:56+00:00,24461.3,203134.4,15435223.2,-0.5890032042046689,5.089003384652232,5.071858298385389,1
4519,24919,793604,60304910,1610.0,17605.0,18660.0,0.0,0.0,0.5,0.5,5.16,65.14,2023-11-09 10:14:56+00:00,24323.2,276336.5,20999962.2,-0.3485724209272331,5.136599238911979,5.1185661642819245,1
4530,27053,797504,60598419,1624.0,18649.0,20278.0,0.0,0.0,0.5,0.5,5.48,64.58,2023-11-09 12:04:56+00:00,26539.8,135123.9,10261998.5,-0.07565790416444157,5.164349849109769,5.145958937454633,1
4540,32074,811966,61715661,1691.0,21394.0,23384.0,0.0,0.0,0.5,0.5,5.83,65.26,2023-11-09 13:44:56+00:00,29276.2,140493.4,10673735.0,0.5664713313866251,5.267254804156033,5.250229527743259,1
4554,34605,816021,62030118,1824.0,22656.0,25143.0,0.0,0.0,0.5,0.5,6.12,66.12,2023-11-09 16:04:56+00:00,30822.5,144933.4,11025000.3,0.8901576678095985,5.296108323220658,5.279577347651918,1
4567,34846,827383,62890056,1758.0,22420.0,24803.0,0.0,0.0,0.5,0.5,5.52,66.25,2023-11-09 18:14:56+00:00,33211.8,152814.4,11620303.9,0.9209788480063337,5.376955100930217,5.359834125388182,1
4570,33208,822716,62532124,1762.0,21689.0,24520.0,0.0,0.0,0.5,0.5,5.73,66.83,2023-11-09 18:44:56+00:00,33207.6,226706.0,17235093.2,0.7114971336401422,5.3437468707268625,5.32642884620678,1
4588,28234,816211,62046382,1774.0,18862.0,20260.0,0.0,0.0,0.5,0.5,5.79,64.83,2023-11-09 21:44:56+00:00,31190.5,149175.2,11348380.0,0.07537866767101147,5.297460276025165,5.2810952433991725,1
4590,31485,819229,62285542,1752.0,20259.0,21748.0,0.0,0.0,0.5,0.5,5.91,64.19,2023-11-09 22:04:56+00:00,31180.3,224196.1,17051127.3,0.49114487854066247,5.3189349789936085,5.303415702505998,1
4596,28410,808214,61434139,1806.0,18553.0,19937.0,0.0,0.0,0.5,0.5,5.65,65.67,2023-11-09 23:04:56+00:00,30812.9,299480.2,22770988.7,0.09788708142464375,5.240557294037544,5.2239554840542155,1
4603,26854,803471,61070686,1652.0,17739.0,18467.0,0.0,0.0,0.5,0.5,6.01,63.18,2023-11-10 00:14:56+00:00,29640.3,219017.3,16652978.7,-0.10110775835178717,5.2068082827123865,5.190034937876957,1
4606,31644,814083,61871605,1771.0,19850.0,22007.0,0.0,0.0,0.5,0.5,5.87,62.54,2023-11-10 00:44:56+00:00,29832.1,219348.8,16676397.4,0.511479184147637,5.282318404614679,5.264783557158523,1
4609,31318,815230,61974861,1767.0,20031.0,21944.0,0.0,0.0,0.5,0.5,6.09,62.74,2023-11-10 01:14:56+00:00,30147.9,293896.6,22342706.9,0.46978746321761367,5.290479930229259,5.274420291250906,1
4614,28580,810598,61610641,1766.0,18754.0,19966.0,0.0,0.0,0.5,0.5,6.48,62.83,2023-11-10 02:04:56+00:00,31385.9,296576.7,22548162.9,0.1196281628912204,5.257520743963577,5.240428162065893,1
4618,32165,817897,62166086,1815.0,20792.0,22572.0,0.0,0.0,0.5,0.5,6.16,62.42,2023-11-10 02:44:56+00:00,30809.0,295189.6,22442699.9,0.578109204406969,5.309457078279902,5.292267045694387,1
4621,32120,818238,62192748,1779.0,20354.0,22155.0,0.0,0.0,0.5,0.5,5.92,62.92,2023-11-10 03:14:56+00:00,30542.4,294346.2,22377152.6,0.5723542122540517,5.311883477786939,5.294755371838835,1
4636,31078,811885,61706370,1709.0,20507.0,22788.0,0.0,0.0,0.5,0.5,5.51,63.83,2023-11-10 05:44:56+00:00,31932.1,147106.6,11186830.6,0.4390941717353878,5.266678445328847,5.249362412065213,1
5806,53758,116688,8877755,1975.0,30903.0,36814.0,0.0,0.0,0.5,0.5,4.33,64.31,2023-11-18 08:44:56+00:00,45956.6,102304.7,7783387.0,3.3396102168057307,0.3199756356692067,0.3189436933091102,1
7829,1648,4215,320340,380.0,1456.0,1557.0,0.0,0.0,0.44,0.44,4.02,65.61,2023-12-02 09:54:56+00:00,34914.4,73437.0,5583079.0,-3.324670696272557,-0.4803306158118107,-0.4797075509107932,1
7846,1538,3257,247824,363.0,1347.0,1472.0,0.0,0.0,0.46,0.46,4.57,66.94,2023-12-02 12:44:56+00:00,29509.0,63503.6,4829242.7,-3.3387384548685772,-0.48714730416296,-0.4864753649791597,1
7867,1986,4359,330392,448.0,1727.0,1897.0,0.01,0.01,0.48,0.48,4.42,66.24,2023-12-02 16:14:56+00:00,27067.0,58819.1,4474746.5,-3.2814443107684226,-0.4793059778968154,-0.47876941219636854,1
7868,1286,2743,208076,309.0,1127.0,1237.0,0.01,0.0,0.46,0.46,4.62,66.33,2023-12-02 16:24:56+00:00,24467.3,53459.9,4066652.7,-3.3709664109249142,-0.4908046922762071,-0.4901849886979174,1
7959,2414,5111,388324,468.0,2101.0,2277.0,0.0,0.0,0.48,0.48,4.61,65.47,2023-12-03 07:34:56+00:00,27264.7,57282.4,4359221.1,-3.226707940958453,-0.47395509100739547,-0.4733627018895589,1
8012,1644,3767,285816,358.0,1465.0,1583.0,0.01,0.0,0.46,0.45,4.85,68.53,2023-12-03 16:24:56+00:00,33229.8,71817.9,5460141.8,-3.3251822511305944,-0.4835183782140183,-0.48292962621688135,1
8014,1973,4377,332056,430.0,1738.0,1874.0,0.01,0.01,0.44,0.44,4.8,69.02,2023-12-03 16:44:56+00:00,26005.4,56024.0,4259734.6,-3.283106864057043,-0.47917789815744094,-0.47861411346767746,1
8015,1731,3839,290842,410.0,1551.0,1656.0,0.01,0.01,0.45,0.45,4.7,69.18,2023-12-03 16:54:56+00:00,22162.9,47498.1,3611335.0,-3.3140559329682873,-0.4830060592565206,-0.482460556859669,1
8021,1560,3915,297468,337.0,1377.0,1480.0,0.0,0.0,0.43,0.43,4.3,68.2,2023-12-03 17:54:56+00:00,21186.7,46274.1,3520729.7,-3.3359249031493734,-0.48246527813471757,-0.4818421618017922,1
8129,1405,3305,251022,351.0,1238.0,1324.0,0.0,0.0,0.49,0.49,4.68,66.1,2023-12-04 11:54:56+00:00,24647.5,54650.7,4156074.9,-3.3557476538983106,-0.48680575819129485,-0.4861769002349566,1
8130,2092,4644,352639,393.0,1860.0,2012.0,0.0,0.0,0.44,0.44,4.08,65.26,2023-12-04 12:04:56+00:00,21980.7,48609.3,3696931.3,-3.2678881070304393,-0.47727804869005386,-0.4766931316571917,1
8131,1944,4021,305627,430.0,1724.0,1842.0,0.0,0.0,0.5,0.5,3.62,64.06,2023-12-04 12:14:56+00:00,19112.1,42210.1,3210508.0,-3.286815636777812,-0.4817110307806238,-0.4810806940569662,1
8133,2985,7417,563960,537.0,2587.0,2787.0,0.0,0.0,0.47,0.47,7.38,66.57,2023-12-04 12:34:56+00:00,14609.6,32365.6,2462705.8,-3.1536834849736572,-0.4575466532853179,-0.4569708464133658,1
8147,1122,2472,187798,285.0,995.0,1083.0,0.0,0.0,0.47,0.47,3.83,66.89,2023-12-04 14:54:56+00:00,25773.3,55910.0,4252959.2,-3.3919401601044354,-0.49273300390789965,-0.492077505296714,1
8148,3133,6837,520800,532.0,2756.0,2903.0,0.0,0.0,0.51,0.5,5.3,66.0,2023-12-04 15:04:56+00:00,22892.6,49745.9,3784459.0,-3.1347559552262845,-0.46167366710960456,-0.4609989071887905,1
8151,27086,737720,56068122,1613.0,18724.0,20156.0,0.0,0.0,0.49,0.49,5.75,66.25,2023-12-04 15:34:56+00:00,23074.3,117407.5,8926897.1,-0.07143757658563551,4.738954341400886,4.723152828865101,1
8157,27973,723869,55018203,1623.0,19045.0,20938.0,0.0,0.0,0.5,0.5,5.47,65.33,2023-12-04 16:34:56+00:00,26417.3,191225.4,14541846.8,0.041999713184090855,4.640396981952275,4.625165397417623,1
8178,29909,725041,55116294,1617.0,19965.0,21401.0,0.0,0.0,0.5,0.5,5.69,66.03,2023-12-04 20:04:56+00:00,31004.0,137512.6,10453366.2,0.28959226447404607,4.648736396093764,4.634320089482549,1
8187,27863,725471,55138130,1684.0,18513.0,19673.0,0.0,0.0,0.5,0.5,5.53,64.04,2023-12-04 21:34:56+00:00,29308.3,197391.5,15009216.0,0.02793195458807067,4.651796078756598,4.6363580119823675,1
8190,27193,720633,54772602,1642.0,18049.0,19389.0,0.0,0.0,0.5,0.5,6.09,63.59,2023-12-04 22:04:56+00:00,29141.6,197326.5,15001832.6,-0.057753484133143164,4.617371091029186,4.602243809037061,1
8202,24872,724023,55037712,1666.0,17019.0,17650.0,0.0,0.0,0.5,0.5,5.53,62.85,2023-12-05 00:04:56+00:00,26328.1,125390.1,9534500.9,-0.354583190509169,4.641492775278034,4.626986144351538,1
8213,29568,1027750,78110243,1748.0,19426.0,21197.0,0.0,0.0,0.5,0.5,5.17,61.93,2023-12-05 01:54:56+00:00,27151.6,158233.7,12031203.8,0.2459822128263835,6.802674719776491,6.78031230540044,1
8229,29143,1026349,78006412,1615.0,19424.0,21314.0,0.0,0.0,0.5,0.5,4.47,63.9,2023-12-05 04:34:56+00:00,30182.7,166234.6,12639648.6,0.19162950915994187,6.792705846728516,6.770621907384381,1
8236,24621,1025468,77938172,1557.0,17195.0,18504.0,0.0,0.0,0.5,0.5,5.89,64.21,2023-12-05 05:44:56+00:00,28387.5,253844.0,19298687.8,-0.38668325785099683,6.786437055040246,6.764253166251041,1
8242,20784,1009095,76690593,1447.0,15242.0,16149.0,0.0,0.0,0.5,0.5,5.67,64.99,2023-12-05 06:44:56+00:00,24822.1,245705.0,18680540.7,-0.8773922554230826,6.669934300997065,6.647818411057723,1
8244,21815,1006308,76481692,1458.0,15779.0,16724.0,0.0,0.0,0.5,0.5,4.96,65.41,2023-12-05 07:04:56+00:00,23418.4,338510.3,25733222.1,-0.7455389907640207,6.65010328801726,6.628321980936152,1
8255,1578,3154,239716,393.0,1391.0,1507.0,0.0,0.0,0.51,0.51,4.19,65.35,2023-12-05 08:54:56+00:00,19592.5,44964.3,3421296.8,-3.3336229062882063,-0.48788020489382466,-0.48723207296727705,1
8256,1922,4184,318384,421.0,1664.0,1835.0,0.0,0.0,0.52,0.52,5.19,65.54,2023-12-05 09:04:56+00:00,17611.5,40860.4,3109118.6,-3.289629188497016,-0.4805511975851777,-0.47989010157985557,1
8257,1743,3951,300300,374.0,1534.0,1667.0,0.0,0.0,0.47,0.47,4.38,64.76,2023-12-05 09:14:56+00:00,15766.1,36254.5,2758940.6,-3.312521268394176,-0.4822091186559687,-0.481577855311616,1
8258,1600,3202,243296,377.0,1409.0,1526.0,0.0,0.0,0.5,0.5,4.39,65.07,2023-12-05 09:24:56+00:00,13878.6,32552.0,2476373.3,-3.330809354569002,-0.4875386589221596,-0.4868979567120402,1
8285,27129,1017407,77323868,1592.0,18866.0,20699.0,0.0,0.0,0.5,0.5,5.53,65.47,2023-12-05 13:54:56+00:00,25953.9,153190.5,11648353.1,-0.06593836186173672,6.729078678423739,6.706921056737915,1
8296,33437,1031307,78386637,1800.0,21892.0,24177.0,0.0,0.0,0.5,0.5,5.56,66.08,2023-12-05 15:44:56+00:00,32176.1,164636.7,12520658.5,0.7407836492627661,6.82798469938509,6.806107760218854,1
8319,34800,1047248,79602493,1783.0,22415.0,24493.0,0.0,0.0,0.5,0.5,5.1,66.57,2023-12-05 19:34:56+00:00,34014.1,171149.0,13011890.6,0.9150959671389071,6.9414135396832854,6.91958185341081,1
8322,38952,1062465,80743826,1807.0,25015.0,26850.0,0.0,0.0,0.5,0.5,4.73,64.91,2023-12-05 20:04:56+00:00,35673.0,273141.4,20763784.6,1.4460899097814142,7.049690728242199,7.026100822108627,1
8327,36100,1048449,79681826,1784.0,22740.0,25181.0,0.0,0.0,0.5,0.5,4.94,65.34,2023-12-05 20:54:56+00:00,37238.2,374682.6,28477440.4,1.0813512960009637,6.949959304515989,6.9269858882925694,1
8329,34854,1058292,80429445,1769.0,22108.0,24040.0,0.0,0.0,0.5,0.5,5.62,64.58,2023-12-05 21:14:56+00:00,37043.9,375950.8,28572003.3,0.9220019577224078,7.019997575330565,6.99676009517075,1
8332,32173,1056964,80334566,1735.0,20888.0,21916.0,0.0,0.0,0.5,0.5,5.22,64.82,2023-12-05 21:44:56+00:00,35601.2,373254.8,28368011.3,0.5791323141230432,7.010548136781163,6.987905174449908,1
8339,34630,1053232,80045212,1855.0,21857.0,24111.0,0.0,0.0,0.5,0.5,5.44,63.81,2023-12-05 22:54:56+00:00,33203.5,276604.0,21027185.5,0.8933548856723303,6.983992937484201,6.960900181456112,1
8345,32626,1052932,80023096,1880.0,20970.0,23132.0,0.0,0.0,0.5,0.5,5.07,62.35,2023-12-05 23:54:56+00:00,32194.8,268028.2,20375666.2,0.6370659017957445,6.9818582751612945,6.958836126958677,1
8346,30366,1053817,80117232,1827.0,19566.0,20407.0,0.0,0.0,0.5,0.5,6.58,63.12,2023-12-06 00:04:56+00:00,31803.9,364564.6,27714984.2,0.3480374070047844,6.98815552901387,6.967621704557272,1
8353,33023,1048782,79710811,1957.0,21029.0,22473.0,0.0,0.0,0.5,0.5,6.23,63.08,2023-12-06 01:14:56+00:00,31953.1,365153.9,27759764.3,0.6878377214559265,6.952328779694416,6.92969101668867,1
8358,31643,1048514,79694130,1895.0,20149.0,21623.0,0.0,0.0,0.5,0.5,6.28,63.16,2023-12-06 02:04:56+00:00,33476.5,270032.2,20529860.8,0.5113512954331279,6.950421814685953,6.928134202930679,1
8362,33259,2019578,153492744,1833.0,20715.0,22597.0,0.0,0.0,0.5,0.5,6.22,63.64,2023-12-06 02:44:56+00:00,33550.8,465236.7,35363322.3,0.7180194580801152,13.860067594456766,13.815652792692237,1
8364,33453,1037596,78866430,1898.0,21032.0,23110.0,0.0,0.0,0.5,0.5,6.06,62.68,2023-12-06 03:04:56+00:00,34228.9,465810.1,35407428.1,0.7428298686949144,6.872734337214295,6.850886151405679,1
8373,33846,1045684,79475900,1792.0,22258.0,23468.0,0.0,0.0,0.5,0.5,5.52,63.6,2023-12-06 04:34:56+00:00,35319.8,271729.6,20656612.8,0.7930901334970593,6.930284833439864,6.907767110645672,1
8378,31623,1026353,78003697,1649.0,20755.0,23128.0,0.0,0.0,0.5,0.5,5.27,63.91,2023-12-06 05:24:56+00:00,34175.4,268857.6,20436403.4,0.5087935211429423,6.792734308892822,6.770368520336066,1
8395,31214,1028681,78182843,1611.0,21608.0,24070.0,0.0,0.0,0.5,0.5,4.75,64.77,2023-12-06 08:14:56+00:00,26864.2,153735.6,11691028.0,0.4564870369086491,6.809299288518579,6.787087959068092,1
13236,4157,9391,714008,660.0,3472.0,3704.0,0.0,0.0,0.46,0.46,5.81,64.14,2024-01-08 23:04:56+00:00,5468.7,12458.9,947844.2,-3.0037979115687876,-0.44350057520059066,-0.4429670822050496,1
13524,1098,2805,213332,295.0,954.0,1050.0,0.0,0.0,0.46,0.46,4.94,67.46,2024-01-10 23:04:56+00:00,19385.0,43133.9,3282838.1,-3.395009489252658,-0.490363528729473,-0.48969445377123455,1
18007,2577,5952,452346,473.0,2162.0,2375.0,0.0,0.0,0.48,0.48,4.4,61.55,2024-02-11 02:20:52+00:00,18651.9,41275.1,3141060.2,-3.205862080493441,-0.46797092096217985,-0.46738762063459505,1
19618,2067,4791,364608,386.0,1816.0,1894.0,0.01,0.0,0.48,0.48,4.73,64.49,2024-02-22 06:50:52+00:00,13938.9,30615.4,2322181.8,-3.2710853248931713,-0.47623206415182945,-0.47557608208765834,1
20409,26539,89655,52717140,1359.0,18576.0,19618.0,0.36,0.92,0.68,0.96,4.61,67.7,2024-02-27 18:40:52+00:00,28015.0,64455.3,9495718.1,-0.1413927034222086,0.127621213752068,4.410410494450035,1
23557,31959,666628,50674972,1569.0,22010.0,24824.0,0.0,0.0,0.5,0.5,4.69,64.44,2024-03-20 15:20:52+00:00,29411.7,124412.7,9459832.2,0.5517641292180585,4.233096295200567,4.2198178897784056,1
23560,30986,665432,50574612,1618.0,20992.0,23595.0,0.0,0.0,0.5,0.5,4.49,65.62,2024-03-20 15:50:52+00:00,30567.5,186304.9,14164816.1,0.42732841000053456,4.224586108073245,4.2104514352042255,1
23566,30407,697781,53037011,1645.0,20599.0,22690.0,0.0,0.0,0.51,0.51,4.9,65.53,2024-03-20 16:50:52+00:00,31252.3,249856.5,18994431.6,0.35328084429966466,4.454766746352293,4.440263595198318,1
23595,31017,625331,47532800,1725.0,20072.0,21890.0,0.0,0.0,0.5,0.5,4.88,64.76,2024-03-20 21:40:52+00:00,33443.8,128237.0,9753679.5,0.43129296015032204,3.939245795370282,3.9265634925856854,1
23609,36917,622796,47334125,1695.0,23645.0,25629.0,0.0,0.0,0.5,0.5,4.09,62.89,2024-03-21 00:00:52+00:00,31542.8,124059.2,9436627.9,1.185836375755041,3.921207898741719,3.9080214403484868,1
23612,34524,677853,51520566,1818.0,21832.0,23224.0,0.0,0.0,0.5,0.5,5.13,63.37,2024-03-21 00:30:52+00:00,32078.6,184994.0,14067427.5,0.8797986819343473,4.312968243782666,4.298735962608213,1
23694,24014,648614,49296985,1496.0,17180.0,18647.0,0.0,0.0,0.5,0.5,4.43,64.82,2024-03-21 14:10:52+00:00,24854.0,117127.4,8899919.4,-0.4643117075581264,4.104916938251085,4.091212343352429,1
23704,23727,651021,49474280,1448.0,17063.0,18587.0,0.0,0.0,0.5,0.5,4.81,65.98,2024-03-21 15:50:52+00:00,25866.2,115402.8,8765965.5,-0.5010157686222881,4.122044045621875,4.107759030914498,1
23713,33713,673773,51215780,1664.0,22196.0,24747.0,0.0,0.0,0.5,0.5,4.87,66.4,2024-03-21 17:20:52+00:00,25798.4,180085.3,13689319.7,0.7760809344673257,4.283936836191132,4.270290723231508,1
23722,36136,677699,51527595,1805.0,23550.0,26064.0,0.0,0.0,0.5,0.5,4.63,65.89,2024-03-21 18:50:52+00:00,35899.4,201284.3,15305913.9,1.0859552897232976,4.311872450456907,4.299391969076945,1
23725,36841,680541,51724672,1771.0,23693.0,25867.0,0.0,0.0,0.5,0.5,4.21,66.1,2024-03-21 19:20:52+00:00,35781.3,200873.3,15274153.1,1.176116833452336,4.332094818195912,4.317784882270605,1
23729,33933,672886,51143464,1710.0,22102.0,24456.0,0.0,0.0,0.5,0.5,4.61,66.1,2024-03-21 20:00:52+00:00,35670.7,259271.1,19710522.1,0.8042164516593662,4.277625351256404,4.263541574875725,1
23751,31707,669818,50909450,1794.0,20338.0,21935.0,0.0,0.0,0.5,0.5,4.69,63.9,2024-03-21 23:40:52+00:00,32499.3,134586.2,10234054.5,0.5195361731617214,4.255794871234143,4.241701384553662,1
23760,22592,653173,49643114,1521.0,15734.0,16542.0,0.0,0.0,0.5,0.5,5.16,62.93,2024-03-22 01:10:52+00:00,29722.7,216190.1,16435865.9,-0.6461694595903146,4.137356690018193,4.123516065505742,1
23769,24482,649984,49401251,1631.0,17003.0,18366.0,0.0,0.0,0.5,0.5,4.88,62.75,2024-03-22 02:40:52+00:00,23643.9,172861.8,13142464.7,-0.404459789167786,4.114665229525693,4.100943339293356,1
23773,24016,653603,49692276,1611.0,16737.0,17835.0,0.0,0.0,0.5,0.5,4.93,61.84,2024-03-22 03:20:52+00:00,24585.3,174642.3,13279521.1,-0.46405593012910784,4.140416372681027,4.128104284315784,1
23779,26163,1254060,95300654,1579.0,18109.0,19993.0,0.0,0.0,0.5,0.5,4.76,63.18,2024-03-22 04:20:52+00:00,25507.3,266325.6,20247029.5,-0.18947886007769577,8.412992820766677,8.384668659953949,1
23783,21768,645759,49068970,1458.0,15653.0,16905.0,0.0,0.0,0.5,0.5,4.71,64.05,2024-03-22 05:00:52+00:00,25106.8,266817.5,20277555.5,-0.7515497603459567,4.084602068478088,4.069932031079294,1
23798,27863,656057,49860752,1566.0,19422.0,21509.0,0.0,0.0,0.5,0.5,4.25,65.18,2024-03-22 07:30:52+00:00,27663.1,119024.0,9049638.8,0.02793195458807067,4.157877910482405,4.143827907281503,1
23816,29839,663460,50429482,1629.0,20333.0,22492.0,0.0,0.0,0.5,0.5,4.45,64.93,2024-03-22 10:30:52+00:00,27098.4,119129.3,9059461.3,0.28064005445839685,4.21055426107067,4.1969066608683265,1
23827,23926,650261,49426360,1510.0,17139.0,18859.0,0.0,0.0,0.5,0.5,4.53,64.8,2024-03-22 12:20:52+00:00,24863.8,114968.1,8747208.4,-0.47556591443494256,4.116636234403844,4.103286726179597,1
23829,26785,653736,49687608,1532.0,19004.0,20741.0,0.0,0.0,0.5,0.5,3.79,64.77,2024-03-22 12:40:52+00:00,24193.9,172974.6,13154794.1,-0.1099320796529271,4.141362739644182,4.127668626584096,1
23863,31180,667992,50773530,1628.0,21006.0,23449.0,0.0,0.0,0.5,0.5,4.4,66.31,2024-03-22 18:20:52+00:00,26212.0,117128.7,8901823.4,0.4521388206153338,4.242801893228717,4.2290161662822126,1
23865,30691,666954,50687145,1644.0,20695.0,22550.0,0.0,0.0,0.5,0.5,4.49,65.91,2024-03-22 18:40:52+00:00,27590.4,180082.7,13684763.9,0.3896012392202986,4.235415961591459,4.220953978374774,1
23876,22710,650919,49472718,1439.0,16246.0,17128.0,0.0,0.0,0.5,0.5,4.83,65.7,2024-03-22 20:30:52+00:00,25581.9,118678.8,9018823.9,-0.6310785912782202,4.121318260432086,4.107613251699225,1
23878,22444,649263,49351598,1499.0,15989.0,17134.0,0.0,0.0,0.5,0.5,4.37,65.02,2024-03-22 20:50:52+00:00,23255.6,173831.3,13210702.9,-0.6650969893376871,4.10953492440964,4.096309296158922,1
23881,18292,639943,48633930,1377.0,13000.0,13989.0,0.0,0.0,0.5,0.5,4.94,64.55,2024-03-22 21:20:52+00:00,22154.3,231359.1,17583511.0,-1.1960909319801944,4.043218081578,4.0293303730686185,1
23896,17899,638578,48531212,1413.0,13061.0,13867.0,0.0,0.0,0.5,0.5,4.33,63.85,2024-03-22 23:50:52+00:00,20690.7,106755.7,8118607.4,-1.2463511967823393,4.033505368008774,4.019743849743084,1
23904,15645,632896,48099374,1285.0,11711.0,12103.0,0.0,0.0,0.5,0.5,4.71,63.09,2024-03-23 01:10:52+00:00,18614.9,161263.8,12260577.6,-1.5346123592862437,3.9930748636129176,3.9794410297908636,1
23955,17445,636752,48392372,1292.0,13096.0,13823.0,0.0,0.0,0.5,0.5,4.65,65.85,2024-03-23 09:40:52+00:00,17356.4,96456.7,7333532.0,-1.3044126731695498,4.020512390003347,4.006786112067923,1
23960,22570,649873,49410266,1415.0,16295.0,16923.0,0.0,0.0,0.5,0.5,4.32,65.1,2024-03-23 10:30:52+00:00,19380.8,161961.4,12314670.3,-0.6489830113095186,4.113875404466218,4.101784696288038,1
23971,24304,653328,49657342,1451.0,17476.0,18525.0,0.0,0.0,0.5,0.5,4.22,65.39,2024-03-23 12:20:52+00:00,24058.8,112247.3,8535060.3,-0.42722398035043685,4.138459598885029,4.124843944298901,1
23990,23998,651440,49507618,1498.0,17058.0,18441.0,0.0,0.0,0.5,0.5,4.59,66.23,2024-03-23 15:30:52+00:00,24348.6,142537.8,10836245.5,-0.4663579269902748,4.1250254573328675,4.110870418544969,1
23999,24370,651163,49490086,1489.0,17266.0,18699.0,0.0,0.0,0.5,0.5,4.5,66.01,2024-03-23 17:00:52+00:00,24913.1,174371.7,13256281.7,-0.41878332519282474,4.123054452454717,4.109234182179938,1
24012,21126,646240,49115706,1395.0,15460.0,16459.0,0.0,0.0,0.5,0.5,4.84,65.77,2024-03-23 19:10:52+00:00,23143.4,111729.9,8493486.7,-0.8336543150609108,4.088024643735816,4.0742938347957045,1
24016,21581,649283,49344564,1453.0,15754.0,16547.0,0.0,0.0,0.5,0.5,4.6,65.49,2024-03-23 19:50:52+00:00,21773.9,169788.5,12907413.4,-0.7754649499591909,4.1096772352311675,4.095652823047376,1
24031,18390,939169,71375394,1321.0,13534.0,13937.0,0.0,0.0,0.34,0.34,4.44,65.31,2024-03-23 22:20:52+00:00,19197.0,133392.2,10139691.6,-1.1835578379582854,6.172372975691777,6.151758526778839,1
24047,16100,644118,48957778,1313.0,11803.0,12482.0,0.0,0.0,0.5,0.5,4.95,63.66,2024-03-24 01:00:52+00:00,17314.9,101297.0,7701323.3,-1.4764229941845237,4.072925465571787,4.059554641511616,1
24051,16412,635432,48293780,1242.0,11962.0,12489.0,0.0,0.0,0.5,0.5,5.03,62.83,2024-03-24 01:40:52+00:00,16785.7,160097.9,12169999.0,-1.4365217152576302,4.011119875782557,3.9975846623929767,1
24054,15920,635391,48294772,1326.0,11647.0,12210.0,0.0,0.0,0.5,0.5,5.71,62.63,2024-03-24 02:10:52+00:00,16629.5,219990.5,16722150.4,-1.4994429627961932,4.010828138598426,3.997677244327389,1
24059,18191,636503,48378328,1418.0,13280.0,14247.0,0.0,0.0,0.5,0.5,4.92,62.58,2024-03-24 03:00:52+00:00,17310.9,218688.7,16624064.4,-1.2090076921456312,4.018740620275334,4.0054754057303406,1
24061,19013,1238512,94135778,1340.0,13559.0,14649.0,0.0,0.0,0.5,0.5,4.83,62.99,2024-03-24 03:20:52+00:00,17608.7,279014.6,21209507.2,-1.1038831688190076,8.30236038811149,8.275952456899416,1
24071,19645,642171,48812296,1385.0,14372.0,15599.0,0.0,0.0,0.5,0.5,4.2,63.2,2024-03-24 05:00:52+00:00,19078.2,101802.8,7741033.2,-1.023057501249146,4.059071507096122,4.04597701552157,1
24097,22644,646653,49151122,1375.0,16233.0,17547.0,0.0,0.0,0.5,0.5,4.69,65.68,2024-03-24 09:20:52+00:00,23620.4,112251.2,8534507.1,-0.6395192464358324,4.090963362200351,4.077599159179913,1
24116,17740,635331,48292893,1347.0,13502.0,14203.0,0.0,0.0,0.5,0.5,4.53,66.5,2024-03-24 12:30:52+00:00,17053.4,127333.9,9679285.4,-1.2666855023893138,4.010401206133845,3.997501879957671,1
24123,19423,642024,48799378,1349.0,14611.0,15400.0,0.0,0.0,0.5,0.5,4.6,65.99,2024-03-24 13:40:52+00:00,18177.4,159011.5,12091191.9,-1.051448795870205,4.058025522557897,4.044771397145831,1
24165,18136,638578,48534483,1341.0,13549.0,14366.0,0.0,0.0,0.5,0.5,4.7,63.89,2024-03-24 20:40:52+00:00,19611.2,102812.4,7815396.7,-1.2160415714436412,4.033505368008774,4.02004912747238,1
24167,17474,637192,48426738,1394.0,13082.0,14035.0,0.0,0.0,0.5,0.5,4.54,65.39,2024-03-24 21:00:52+00:00,19051.5,161751.3,12294620.4,-1.3007039004487808,4.023643228076944,4.00999344146107,1
24172,17650,636625,48403204,1437.0,13144.0,14145.0,0.0,0.0,0.5,0.5,4.7,63.7,2024-03-24 21:50:52+00:00,18290.4,220484.1,16760346.0,-1.2781954866951486,4.01960871628665,4.0077970470614215,1
24184,17106,634692,48236804,1375.0,12521.0,13375.0,0.0,0.0,0.5,0.5,4.36,63.97,2024-03-24 23:50:52+00:00,17342.9,98622.0,7498917.8,-1.3477669473881937,4.005854375386053,3.9922671741923144,1
24238,13419,627511,47704537,1186.0,10562.0,11246.0,0.0,0.0,0.5,0.5,4.42,65.27,2024-03-25 08:50:52+00:00,13956.7,89668.3,6818569.8,-1.8192926377838885,3.9547576749167392,3.942591459995072,1
24282,30126,662102,50323956,1654.0,20531.0,23000.0,0.0,0.0,0.5,0.5,4.11,65.22,2024-03-25 16:10:52+00:00,22554.9,108181.1,8225423.1,0.3173441155225586,4.200891356288978,4.187058070938126,1
24285,31812,672499,51110970,1638.0,21430.0,23440.0,0.0,0.0,0.5,0.5,4.57,66.3,2024-03-25 16:40:52+00:00,25071.2,175064.0,13309333.3,0.5329644881851952,4.274871636859855,4.260508956552354,1
24286,30809,666897,50708132,1641.0,20892.0,22954.0,0.0,0.0,0.5,0.5,4.21,66.46,2024-03-25 16:50:52+00:00,26019.2,237224.8,18035877.1,0.404692107532393,4.2350103757501065,4.222912664924677,1
24288,27286,661172,50254794,1603.0,19092.0,20656.0,0.0,0.0,0.5,0.5,4.49,66.73,2024-03-25 17:10:52+00:00,27245.3,299876.8,22798091.0,-0.045859833683780646,4.194273903087967,4.180603280869778,1
24303,27748,661217,50275082,1578.0,19205.0,20683.0,0.0,0.0,0.5,0.5,4.16,65.91,2024-03-25 19:40:52+00:00,26928.7,120862.4,9189838.7,0.013224752419504117,4.194594102436403,4.182496730754203,1
24341,23430,651140,49494214,1571.0,16286.0,17408.0,0.0,0.0,0.04,0.04,5.16,62.54,2024-03-26 02:00:52+00:00,23874.4,143436.8,10906116.9,-0.5389987168315427,4.122890795009961,4.109619442487652,1
24570,32278,668459,50812452,1652.0,21721.0,23651.0,0.0,0.0,0.5,0.5,4.2,66.88,2024-03-27 16:10:52+00:00,31168.0,158050.9,12014745.5,0.5925606291465171,4.246124850911375,4.232648700608002,1
24668,28270,653849,49698556,1628.0,19483.0,21686.0,0.0,0.0,0.05,0.05,4.08,65.63,2024-03-28 08:30:52+00:00,28532.9,149639.5,11377067.2,0.07998266139334534,4.14216679578581,4.128690387690892,1
24730,29531,665965,50620805,1635.0,20100.0,21726.0,0.0,0.0,0.5,0.5,4.95,66.13,2024-03-28 18:50:52+00:00,33150.6,136094.1,10347113.7,0.24125033038954033,4.228378691466943,4.214762561510972,1
24795,37711,673877,51223331,1717.0,23992.0,26711.0,0.0,0.0,0.5,0.5,4.09,63.76,2024-03-29 05:40:52+00:00,32739.0,189898.0,14439383.6,1.2873800150754047,4.284676852463074,4.2709954472100815,1
24879,29157,663207,50404834,1546.0,19872.0,20963.0,0.0,0.0,0.5,0.5,4.52,64.78,2024-03-29 19:40:52+00:00,30293.3,157266.6,11956183.2,0.1934199511630717,4.208754029178352,4.19460629844959,1
24947,18666,640979,48715816,1349.0,14029.0,14717.0,0.0,0.0,0.5,0.5,4.34,63.81,2024-03-30 07:00:52+00:00,19038.8,160685.4,12215247.1,-1.1482605527537257,4.050589782133105,4.036972675771502,1
25099,22311,648833,49312364,1427.0,16247.0,17537.0,0.0,0.0,0.96,0.96,5.03,64.14,2024-03-31 08:20:52+00:00,19874.1,105337.6,8008539.7,-0.6821061883674207,4.106475241746807,4.092647643321503,1
25207,29325,659968,50157504,1598.0,19698.0,20759.0,0.0,0.0,0.05,0.05,4.79,62.5,2024-04-01 02:20:52+00:00,25042.2,175910.0,13369466.7,0.2149052552006298,4.185706791632034,4.171523344983747,1
25209,23722,652383,49586142,1519.0,16539.0,17332.0,0.0,0.0,0.5,0.5,6.01,62.88,2024-04-01 02:40:52+00:00,25650.3,206684.2,15707231.6,-0.5016552121948346,4.131735412567872,4.11819895061933,1
25295,26055,659810,50147952,1498.0,18494.0,19916.0,0.0,0.0,0.5,0.5,4.97,65.87,2024-04-01 17:00:52+00:00,27448.4,151647.9,11529758.1,-0.2032908412446974,4.18458253614197,4.17063187055078,1
25340,22184,647996,49250048,1492.0,15537.0,16447.0,0.0,0.0,0.04,0.04,5.13,63.14,2024-04-02 00:30:52+00:00,23477.3,114632.8,8717928.8,-0.6983480551100986,4.100519533865897,4.086831780594873,1
25343,21553,663935,50461868,1447.0,15433.0,16298.0,0.0,0.0,0.51,0.51,5.18,63.28,2024-04-02 01:00:52+00:00,22704.6,203950.3,15505548.2,-0.7790458339654507,4.213934143081939,4.199929199706902,1
25374,22156,649536,49365430,1419.0,16149.0,17360.0,0.0,0.0,0.5,0.5,4.75,65.67,2024-04-02 06:10:52+00:00,22127.9,168572.6,12817593.4,-0.7019289391163582,4.1114774671234855,4.097600216841167,1
25421,25915,655460,49816052,1524.0,18515.0,19852.0,0.0,0.0,0.04,0.04,4.69,67.34,2024-04-02 14:00:52+00:00,25459.3,118920.1,9042096.4,-0.2211952612759958,4.15362993245982,4.139656120519189,1
25497,23560,651640,49535446,1440.0,16773.0,17461.0,0.0,0.0,0.5,0.5,5.11,64.76,2024-04-03 02:40:52+00:00,23448.6,174567.3,13269091.0,-0.5223731839453369,4.126448565548139,4.113467565793776,1
25500,23075,649893,49391826,1377.0,16464.0,17263.0,0.0,0.0,0.5,0.5,5.18,63.59,2024-04-03 03:10:52+00:00,23195.9,203297.1,15452356.2,-0.584399210482335,4.114017715287745,4.100063717587879,1
25505,20029,641673,48771809,1305.0,14757.0,16015.0,0.0,0.0,0.5,0.5,4.47,65.11,2024-04-03 04:00:52+00:00,22567.1,229137.2,17418531.1,-0.9739482348775848,4.055527967640097,4.042198421994819,1
25512,21241,644307,48969184,1316.0,15592.0,16473.0,0.0,0.0,0.5,0.5,4.33,65.07,2024-04-03 05:10:52+00:00,20331.0,194286.1,14771928.8,-0.8189471128923442,4.0742703028352185,4.060619147100228,1
25516,20217,643352,48903650,1341.0,14987.0,15677.0,0.0,0.0,0.5,0.5,5.0,64.7,2024-04-03 05:50:52+00:00,20016.8,193344.6,14700927.9,-0.9499051565498412,4.0674749611072984,4.054502953058136,1
25554,29513,661324,50265327,1520.0,20369.0,21966.0,0.0,0.0,0.5,0.5,4.66,65.51,2024-04-03 12:10:52+00:00,26896.1,118741.7,9027638.3,0.23894833352837339,4.195355465331573,4.181586310622964,1
25583,31396,618487,47004352,1520.0,21027.0,21914.0,0.0,0.0,0.5,0.5,4.96,64.54,2024-04-03 17:00:52+00:00,34616.1,130060.3,9888432.1,0.47976278294933705,3.8905470322437004,3.8772442001702165,1
25585,31284,672371,51108608,1561.0,20939.0,22202.0,0.0,0.0,0.5,0.5,5.32,66.09,2024-04-03 17:20:52+00:00,34444.9,189965.9,14440496.5,0.46543924692429833,4.273960847602081,4.260288514486748,1
25604,28242,1260781,95823404,1510.0,18882.0,19527.0,0.0,0.0,0.5,0.5,4.78,63.43,2024-04-03 20:30:52+00:00,28449.1,183058.9,13918179.3,0.07640177738708566,8.460816372340867,8.433456166217926,1
25613,28063,659953,50166922,1463.0,18863.0,19886.0,0.0,0.0,0.5,0.5,4.73,63.21,2024-04-03 22:00:52+00:00,27685.1,242901.0,18465673.1,0.053509697489925546,4.185600058515889,4.172402313389283,1
25614,25854,1256650,95514722,1501.0,17566.0,18035.0,0.0,0.0,0.5,0.5,5.46,63.4,2024-04-03 22:10:52+00:00,27446.3,242487.9,18434804.9,-0.22899647286106156,8.431422072154438,8.404647318760103,1
25615,26899,659169,50097666,1540.0,18072.0,18476.0,0.0,0.0,0.5,0.5,5.33,64.73,2024-04-03 22:20:52+00:00,27536.3,302438.7,22990897.5,-0.09535276619886983,4.180021474312025,4.165938750436021,1
25649,20373,642860,48858330,1362.0,14730.0,15589.0,0.0,0.0,0.5,0.5,5.39,64.48,2024-04-04 04:00:52+00:00,27180.1,117862.8,8964222.6,-0.9299545170863944,4.063974114897731,4.050273302586814,1
25666,20598,644503,48985040,1272.0,15149.0,15819.0,0.0,0.0,0.5,0.5,4.57,66.47,2024-04-04 06:50:52+00:00,22926.1,110464.3,8397752.6,-0.9011795563218077,4.0756649488861845,4.062098964793813,1
25670,22283,648747,49302436,1357.0,16106.0,16946.0,0.0,0.0,0.5,0.5,4.34,66.36,2024-04-04 07:30:52+00:00,22424.3,169302.7,12870752.9,-0.6856870723736803,4.105863305214241,4.09172107734888,1
25687,22849,651139,49487370,1379.0,16467.0,17493.0,0.0,0.0,0.5,0.5,5.0,65.14,2024-04-04 10:20:52+00:00,22176.2,109325.8,8314059.8,-0.6133020599614311,4.122883679468885,4.10898070180306,1
26383,22445,181789,169949008,1235.0,16183.0,17297.0,0.77,0.98,0.83,0.99,4.59,63.35,2024-04-09 06:20:52+00:00,22380.8,56195.7,19883463.1,-0.6649691006231779,0.7832044752810755,15.351492262767161,1
28136,39341,676217,51387521,1458.0,24689.0,26199.0,0.0,0.0,0.5,0.5,4.89,63.33,2024-04-21 10:30:52+00:00,37641.1,131302.9,9981044.5,1.495838619725522,4.301327218581747,4.286319063955146,1
28161,39993,675889,51376238,1588.0,25055.0,26916.0,0.0,0.0,0.5,0.5,4.5,63.98,2024-04-21 14:40:52+00:00,39270.3,165215.0,12560021.5,1.5792220615855688,4.298993321108702,4.285266037779772,1
28183,37053,671108,51009871,1536.0,23084.0,24989.0,0.0,0.0,0.5,0.5,4.96,62.56,2024-04-21 18:20:52+00:00,38246.5,136121.0,10347475.8,1.203229240928302,4.264973919222643,4.25107353217018,1
28193,41424,675335,51328088,1642.0,25095.0,27227.0,0.0,0.0,0.5,0.5,4.15,61.97,2024-04-21 20:00:52+00:00,39778.2,166755.7,12678943.4,1.7622308120483405,4.295051311352401,4.2807722674754,1
28204,39011,679084,51617193,1620.0,23378.0,25037.0,0.0,0.0,0.5,0.5,5.34,62.27,2024-04-21 21:50:52+00:00,39657.6,199268.0,15153477.5,1.4536353439374614,4.32172747484766,4.307754021657031,1
28212,34901,667687,50749958,1490.0,21842.0,22139.0,0.0,0.0,0.5,0.5,5.36,61.48,2024-04-21 23:10:52+00:00,35515.1,190658.6,14497966.6,0.9280127273043437,4.2406316532004285,4.226816225397173,1
28232,34843,665847,50609152,1487.0,21938.0,23854.0,0.0,0.0,0.5,0.5,5.28,62.33,2024-04-22 02:30:52+00:00,37871.6,162985.1,12391237.2,0.9205951818628059,4.227539057619932,4.21367500376732,1
28299,36256,964474,73302537,1414.0,23281.0,25372.0,0.0,0.0,0.66,0.66,4.28,63.37,2024-04-22 13:40:52+00:00,33018.8,150791.4,11466231.9,1.1013019354644105,6.352431742628973,6.331616013501135,1
28313,32475,663352,50414367,1390.0,21326.0,22525.0,0.0,0.0,0.5,0.5,5.01,63.86,2024-04-22 16:00:52+00:00,34240.6,126002.3,9578209.4,0.617754705904844,4.209785782634424,4.195495999639862,1
28335,31741,666455,50648640,1419.0,20242.0,21253.0,0.0,0.0,0.5,0.5,5.6,62.19,2024-04-22 19:40:52+00:00,34155.8,156763.9,11915221.3,0.5238843894550367,4.231865306594357,4.21736036205972,1
28336,31802,1258065,95614390,1460.0,20260.0,21410.0,0.0,0.0,0.5,0.5,5.18,61.92,2024-04-22 19:50:52+00:00,33746.9,275980.1,20976687.5,0.5316856010401024,8.441490562777483,8.413949189968747,1
28344,29874,654290,49728903,1474.0,19413.0,20001.0,0.0,0.0,0.5,0.5,4.83,62.27,2024-04-22 21:10:52+00:00,31557.1,331464.2,25193507.6,0.28511615946622143,4.145304749400483,4.131522629589683,1
28351,32803,666223,50637058,1527.0,20511.0,20608.0,0.0,0.0,0.5,0.5,5.49,63.12,2024-04-22 22:20:52+00:00,34476.1,217256.9,16514982.0,0.659702204263886,4.230214501064642,4.216279430644034,1
28355,32774,670137,50935802,1432.0,20820.0,21803.0,0.0,0.0,0.49,0.49,4.94,62.35,2024-04-22 23:00:52+00:00,34802.7,219535.2,16688430.0,0.6559934315431172,4.258064728837501,4.2441607788436055,1
28362,29968,656881,49924624,1459.0,19566.0,19889.0,0.0,0.0,0.5,0.5,5.15,62.09,2024-04-23 00:10:52+00:00,30866.4,186521.1,14178889.8,0.2971376986300932,4.163741116329322,4.14978898925203,1
28389,29577,651106,49493757,1294.0,20322.0,21522.0,0.0,0.0,0.5,0.5,4.0,63.15,2024-04-23 04:40:52+00:00,31262.6,116898.1,8890165.3,0.24713321125696694,4.122648866613365,4.1095767913343995,1
28426,26667,650431,49433790,1279.0,18596.0,19700.0,0.0,0.0,0.5,0.5,5.03,63.05,2024-04-23 10:50:52+00:00,28136.8,143009.3,10871682.1,-0.12502294796502147,4.117845876386824,4.103980157402058,1
28486,29765,657795,49993348,1530.0,19274.0,20018.0,0.0,0.0,0.5,0.5,5.32,62.19,2024-04-23 20:50:52+00:00,32856.9,124699.5,9483507.7,0.2711762895847105,4.170244720873112,4.156202901409822,1
28491,52052,160298,12196972,710.0,28596.0,28404.0,0.0,0.0,0.47,0.47,3.47,64.45,2024-04-23 21:40:52+00:00,34796.2,165063.3,12550549.1,3.1214320698529088,0.6302843820091031,0.6287214459231713,1
28497,35070,670659,50972520,1540.0,21635.0,21686.0,0.0,0.0,0.5,0.5,5.32,62.35,2024-04-23 22:40:52+00:00,38054.3,181343.9,13789408.9,0.9496259200564111,4.261779041279359,4.2475876170167295,1
28515,39856,672252,51093828,1559.0,24237.0,25923.0,0.0,0.0,0.94,0.94,4.81,62.65,2024-04-24 01:40:52+00:00,38133.8,254173.2,19320214.1,1.5617013076977984,4.273114098213995,4.25890911832686,1
28651,37654,667727,50734194,1677.0,23011.0,23197.0,0.0,0.0,0.5,0.5,5.14,62.0,2024-04-25 00:20:52+00:00,34986.9,187961.2,14291445.6,1.280090358348376,4.2409162748434825,4.225344993931376,1
28717,31597,674201,51237760,1382.0,20866.0,22142.0,0.0,0.0,0.51,0.51,4.76,62.84,2024-04-25 11:20:52+00:00,31780.8,152451.0,11589525.7,0.5054684145657012,4.286982287771813,4.272342085044387,1
28892,32546,658254,50028458,1354.0,21537.0,22577.0,0.0,0.0,0.05,0.05,4.35,63.27,2024-04-26 16:30:52+00:00,34121.8,185295.9,14085155.9,0.6268348046350026,4.173510754227159,4.159479667253778,1
28906,31782,657845,50002344,1330.0,20919.0,22595.0,0.0,0.0,0.5,0.5,4.12,62.54,2024-04-26 18:50:52+00:00,31566.6,121513.9,9240709.0,0.529127826749917,4.170600497926929,4.157042485161807,1
28918,24600,649853,49394910,1318.0,16574.0,17088.0,0.0,0.0,0.5,0.5,5.48,62.79,2024-04-26 20:50:52+00:00,28699.0,206763.4,15716284.4,-0.38936892085569164,4.113733093644691,4.10035154287591,1
29025,44158,525529,39940178,1563.0,26727.0,29062.0,0.0,0.0,0.21,0.21,4.72,62.88,2024-04-27 14:40:52+00:00,38133.4,178189.2,13543480.1,2.1118785575166967,3.2291005648677755,3.217954992566531,1
29120,46036,679291,51628200,1447.0,27654.0,29959.0,0.0,0.0,0.94,0.94,4.05,62.88,2024-04-28 06:30:52+00:00,42366.7,168631.7,12822219.9,2.352053563365114,4.323200391850466,4.30878128914904,1
29129,39603,674220,51241700,1388.0,24643.0,26345.0,0.0,0.0,0.5,0.5,4.47,63.58,2024-04-28 08:00:52+00:00,41433.0,227126.6,17264133.3,1.5293454629269518,4.287117483052263,4.272709799582272,1
29166,39025,673892,51223426,1516.0,24494.0,26201.0,0.0,0.0,0.5,0.5,4.93,63.44,2024-04-28 14:10:52+00:00,40197.1,225923.7,17174567.8,1.4554257859405912,4.284783585579219,4.271004313423559,1
29224,34517,668936,50839332,1494.0,21501.0,21934.0,0.0,0.0,0.5,0.5,5.34,62.01,2024-04-28 23:50:52+00:00,34072.3,187177.2,14228611.8,0.8789034609327824,4.249518964004797,4.235157372379166,1
29236,36799,670338,50955562,1481.0,22995.0,23620.0,0.0,0.0,0.94,0.94,4.78,62.61,2024-04-29 01:50:52+00:00,35133.1,129196.3,9822879.7,1.1707455074429465,4.259494952593848,4.246004951246812,1
29240,37675,671675,51050748,1416.0,23581.0,25563.0,0.0,0.0,0.5,0.5,4.29,62.58,2024-04-29 02:30:52+00:00,35747.1,188842.7,14357360.0,1.2827760213530708,4.269008431012937,4.254888523836469,1
29268,29479,654782,49766769,1298.0,19975.0,21059.0,0.0,0.0,0.96,0.96,4.45,62.45,2024-04-29 07:10:52+00:00,29492.4,112926.7,8583906.0,0.23460011723505805,4.1488055956100505,4.135056608953034,1
29512,31091,662411,50353062,1421.0,19912.0,20447.0,0.0,0.0,0.05,0.05,5.28,62.38,2024-04-30 23:50:52+00:00,29680.7,150012.5,11405240.1,0.44075672502400837,4.203090058481572,4.189774492090339,1
29721,43090,678426,51561919,1234.0,26204.0,28512.0,0.0,0.0,0.06,0.06,4.2,63.82,2024-05-02 10:40:52+00:00,37445.2,131735.8,10015161.2,1.9752934104207915,4.317045448819418,4.30259537867045,1
29740,51406,98314,7470404,1329.0,29365.0,32128.0,0.0,0.0,0.48,0.48,3.93,64.01,2024-05-02 13:50:52+00:00,46498.0,182500.9,13874192.1,3.0388159602799174,0.18923468393223683,0.18759764696168807,1
29741,54312,99751,7583466,1300.0,30785.0,34087.0,0.0,0.0,0.48,0.48,3.91,63.95,2024-05-02 14:00:52+00:00,47559.0,184209.4,14003693.5,3.4104605646438686,0.1994597164589608,0.1981495609420187,1
29742,53409,102216,7773151,1253.0,30322.0,32751.0,0.0,0.0,0.47,0.47,4.01,63.32,2024-05-02 14:10:52+00:00,48602.4,185528.9,14104447.6,3.294977055441994,0.21699952521217897,0.21585258939860894,1
29743,52960,405455,30817898,1372.0,30024.0,32699.0,0.0,0.0,0.12,0.12,4.36,63.92,2024-05-02 14:20:52+00:00,49419.1,216774.1,16478472.9,3.2375550226273297,2.374709085665374,2.3665857096554723,1
29745,51185,99758,7583026,1301.0,29106.0,31786.0,0.0,0.0,0.48,0.48,4.2,63.51,2024-05-02 14:40:52+00:00,50142.6,187381.4,14243621.7,3.0105525543733678,0.1995095252464953,0.19810849637433595,1
29747,51453,103670,7881608,1336.0,29310.0,32400.0,0.0,0.0,0.48,0.48,4.4,63.61,2024-05-02 15:00:52+00:00,50520.6,158652.1,12060621.8,3.044826729861853,0.22734552193720095,0.22597472534671453,1
29748,56281,108144,8220322,1350.0,30801.0,34100.0,0.0,0.0,0.48,0.48,3.91,63.89,2024-05-02 15:10:52+00:00,51433.3,130076.8,9887798.4,3.66227344351263,0.25918045271281887,0.2575864162060103,1
29749,52663,404010,30709566,1362.0,29609.0,32668.0,0.0,0.0,0.13,0.13,4.41,63.0,2024-05-02 15:20:52+00:00,52099.2,161626.6,12285460.0,3.199572074418075,2.3644271288100396,2.356475239777731,1
29750,59917,117617,8948351,1387.0,32364.0,35689.0,0.0,0.0,0.48,0.48,4.14,63.02,2024-05-02 15:30:52+00:00,52950.3,163556.9,12433254.7,4.127276809468351,0.3265859733291417,0.3255323165366793,1
29751,54041,106836,8118438,1317.0,29801.0,32956.0,0.0,0.0,0.48,0.48,4.4,63.79,2024-05-02 15:40:52+00:00,52923.2,164265.4,12486751.9,3.3758027230118555,0.24987332498494488,0.24807772890194701,1
29752,55668,125948,9580791,1346.0,30820.0,34311.0,0.0,0.0,0.44,0.44,4.3,63.36,2024-05-02 15:50:52+00:00,53149.1,166638.6,12667515.9,3.5838776615184447,0.38586554603626566,0.38455703286683696,1
29753,56176,109187,8302130,1313.0,30961.0,35428.0,0.0,0.0,0.49,0.49,4.29,63.64,2024-05-02 16:00:52+00:00,53470.7,137011.8,10415939.1,3.648845128489156,0.26660196205545844,0.26522143928098585,1
29754,54902,108507,8251318,1388.0,30489.0,34061.0,0.0,0.0,0.49,0.49,4.06,63.65,2024-05-02 16:10:52+00:00,54009.3,138193.1,10506292.1,3.4859149062043406,0.26176339412353616,0.2604792283421332,1
29755,51958,103810,7893761,1299.0,29239.0,31891.0,0.0,0.0,0.48,0.48,4.48,63.65,2024-05-02 16:20:52+00:00,54086.6,138598.3,10537365.6,3.1094105306890367,0.22834169768789084,0.22710894737182427,1
29756,54010,108221,8228405,1357.0,29781.0,32455.0,0.0,0.0,0.48,0.48,4.38,63.55,2024-05-02 16:30:52+00:00,54706.9,139595.0,10613469.0,3.3718381728620677,0.2597283493756983,0.25834079098005475,1
29758,51437,102244,7779420,1388.0,29241.0,31873.0,0.0,0.0,0.48,0.48,4.38,63.76,2024-05-02 16:50:52+00:00,53824.6,138195.8,10507826.8,3.0427805104297048,0.21719876036231694,0.216437666159525,1
29759,52029,105281,8002970,1340.0,29293.0,31639.0,0.0,0.0,0.48,0.48,4.51,63.49,2024-05-02 17:00:52+00:00,53761.2,108322.9,8237167.2,3.1184906294191954,0.2388086586112109,0.23730126639924218,1
29761,51380,101065,7691935,1263.0,28929.0,31727.0,0.0,0.0,0.48,0.48,4.16,62.96,2024-05-02 17:20:52+00:00,52477.1,106204.7,8076450.4,3.0354908537026764,0.20880953743329292,0.20827281683287927,1
29762,52882,109387,8327853,1284.0,29607.0,31875.0,0.0,0.0,0.48,0.48,4.41,63.13,2024-05-02 17:30:52+00:00,52198.5,104548.6,7951156.6,3.227579702895606,0.2680250702707297,0.2676221299048563,1
29763,53255,104184,7921376,1308.0,29672.0,32844.0,0.0,0.0,0.48,0.48,4.34,63.03,2024-05-02 17:40:52+00:00,51906.4,104048.3,7913081.2,3.2752821934075658,0.23100291005044807,0.22968621563673053,1
29777,54878,109506,8324977,1285.0,29789.0,32202.0,0.0,0.0,0.48,0.48,4.12,63.13,2024-05-02 20:00:52+00:00,48723.6,128439.8,9764495.8,3.4828455770561177,0.26887181965881607,0.2673537169579119,1
29780,51864,405952,30859010,1338.0,28507.0,29413.0,0.0,0.0,0.13,0.13,4.23,62.24,2024-05-02 20:30:52+00:00,48948.0,130301.0,9906241.4,3.097388991525165,2.3782455095803234,2.3704226335340466,1
29786,53782,108781,8276733,1332.0,28829.0,29238.0,0.0,0.0,0.47,0.47,4.57,62.27,2024-05-02 21:30:52+00:00,50420.7,193431.6,14705372.2,3.342679545953953,0.26371305237845777,0.26285117376862577,1
29801,52620,105132,7993788,1302.0,28603.0,30337.0,0.0,0.0,0.48,0.48,4.28,62.18,2024-05-03 00:00:52+00:00,48244.6,251225.8,19088360.0,3.1940728596941765,0.2377484429908338,0.23644432353455383,1
29804,51582,106612,8105998,1361.0,28108.0,28105.0,0.0,0.0,0.49,0.49,4.75,61.81,2024-05-03 00:30:52+00:00,49107.4,163256.8,12407060.2,3.0613243740335494,0.24827944378384106,0.24691672157928057,1
29807,53553,110300,8393002,1384.0,28652.0,30543.0,0.0,0.0,0.48,0.48,4.62,62.14,2024-05-03 01:00:52+00:00,49554.9,133561.4,10153942.1,3.3133930303313295,0.27452155927344296,0.27370239245022576,1
29810,52689,411412,31269770,1294.0,28697.0,29198.0,0.0,0.0,0.13,0.13,4.75,62.01,2024-05-03 01:30:52+00:00,49915.1,133399.1,10143263.9,3.202897180995316,2.4170963638572283,2.4087582740371385,1
29813,52599,98954,7537128,1365.0,28948.0,32395.0,0.0,0.0,0.47,0.47,3.97,62.12,2024-05-03 02:00:52+00:00,49580.5,130995.7,9962562.8,3.191387196689482,0.19378863022110485,0.19382490199364913,1
29889,52654,99220,7544562,1274.0,29823.0,32555.0,0.0,0.0,0.49,0.49,3.91,63.79,2024-05-03 14:40:52+00:00,48499.2,126338.3,9610041.2,3.1984210759874916,0.1956813641474156,0.19451870653036152,1
29890,54279,114675,8718526,1261.0,30523.0,32918.0,0.0,0.0,0.5,0.5,4.24,62.67,2024-05-03 14:50:52+00:00,48993.6,128385.8,9765095.2,3.4062402370650626,0.3056520514825016,0.30408307956466857,1
29891,53888,410118,31173814,1328.0,29991.0,33126.0,0.0,0.0,0.13,0.13,4.5,63.5,2024-05-03 15:00:52+00:00,49595.2,159966.5,12165202.4,3.3562357496919364,2.4078888537044234,2.399802838454037,1
29892,52640,103158,7839482,1309.0,29239.0,31604.0,0.0,0.0,0.48,0.48,4.49,62.89,2024-05-03 15:10:52+00:00,50138.5,130787.2,9947322.0,3.1966306339843618,0.22370236490610657,0.22204316630534426,1
29894,51580,99541,7570398,1242.0,29416.0,32418.0,0.0,0.0,0.48,0.48,4.22,63.35,2024-05-03 15:30:52+00:00,50493.6,131049.5,9962825.3,3.0610685966045312,0.19796545283292596,0.19692994328184144,1
29895,52456,104559,7950346,1269.0,29702.0,32369.0,0.0,0.0,0.49,0.49,4.54,63.73,2024-05-03 15:40:52+00:00,51057.8,132162.5,10047598.7,3.1730991105146553,0.23367123795408168,0.23238994410438701,1
29897,54064,100020,7610089,1302.0,30552.0,33723.0,0.0,0.0,0.48,0.48,4.06,62.98,2024-05-03 16:00:52+00:00,51722.8,132139.4,10046503.8,3.378744163445569,0.2013737970085006,0.20063424727251292,1
29898,52211,104137,7919811,1321.0,29284.0,31424.0,0.0,0.0,0.48,0.48,4.66,63.63,2024-05-03 16:10:52+00:00,51990.2,132632.4,10083882.3,3.1417663754598832,0.23066847961985934,0.22954015643576806,1
29904,53612,110207,8378798,1396.0,29886.0,32048.0,0.0,0.0,0.48,0.48,4.49,63.57,2024-05-03 17:10:52+00:00,51101.9,102285.5,7776662.4,3.3209384644873765,0.2738598139533418,0.2723767535425767,1
29905,52721,105800,8046368,1284.0,29826.0,32747.0,0.0,0.0,0.49,0.49,4.33,62.96,2024-05-03 17:20:52+00:00,51128.4,102409.6,7786264.6,3.206989619859613,0.2425016244298398,0.24135153937264076,1
29906,52671,107715,8202344,1238.0,29420.0,30952.0,0.0,0.0,0.48,0.48,4.33,62.1,2024-05-03 17:30:52+00:00,51467.5,103530.8,7872932.2,3.2005951841341496,0.25612788559106203,0.25590855530191886,1
29909,53768,100958,7681250,1248.0,30146.0,32861.0,0.0,0.0,0.48,0.48,4.26,63.15,2024-05-03 18:00:52+00:00,51025.3,102993.4,7833717.8,3.3408891039508233,0.2080481745381228,0.20727560113812918,1
29912,51470,104968,7990764,1256.0,28912.0,29811.0,0.0,0.0,0.48,0.48,4.42,62.98,2024-05-03 18:30:52+00:00,50594.8,102204.3,7775494.3,3.0470008380085107,0.23658149425431138,0.23616209796029794,1
29966,54175,100071,7628602,1280.0,30031.0,32857.0,0.0,0.0,0.49,0.49,3.91,62.63,2024-05-04 03:30:52+00:00,46894.9,151641.2,11531683.0,3.392939810756098,0.20173668960339478,0.20236203895776403,1
29969,51242,99133,7548491,1287.0,28904.0,31550.0,0.0,0.0,0.48,0.48,4.2,62.47,2024-05-04 04:00:52+00:00,47839.0,182695.4,13892129.8,3.017842211100396,0.19506231207377261,0.19488539445405575,1
29972,56076,109795,8334005,1285.0,30625.0,32305.0,0.01,0.01,0.48,0.48,4.12,62.35,2024-05-04 04:30:52+00:00,49697.4,156608.7,11906173.5,3.6360562570382284,0.270928211029883,0.2681962872239113,1
29973,54452,104200,7908897,1319.0,30427.0,32335.0,0.01,0.01,0.48,0.48,4.33,63.8,2024-05-04 04:40:52+00:00,50460.6,157752.1,11991420.0,3.428364984675167,0.2311167587076698,0.22852156850011038,1
29974,53939,93322,7082607,1277.0,30301.0,33443.0,0.01,0.01,0.48,0.48,3.55,62.5,2024-05-04 04:50:52+00:00,51164.4,127741.3,9709330.4,3.3627580741319094,0.15371390287906642,0.15140511024882025,1
29975,53449,96528,7323201,1321.0,30306.0,33329.0,0.01,0.01,0.48,0.48,3.79,62.54,2024-05-04 05:00:52+00:00,51828.6,128456.6,9761744.3,3.300092604022365,0.17652632756986456,0.17385940251486595,1
29978,54982,102986,7830698,1279.0,30657.0,34134.0,0.0,0.0,0.48,0.48,3.67,63.15,2024-05-04 05:30:52+00:00,52286.7,98452.7,7478740.9,3.4961460033650824,0.2224784918409733,0.2212233682086962,1
29979,52247,99940,7599814,1342.0,29579.0,32196.0,0.0,0.0,0.49,0.48,3.83,62.91,2024-05-04 05:40:52+00:00,52387.2,98533.4,7483873.2,3.146370369182217,0.20080455372239212,0.19967529628855812,1
29981,54460,101467,7711055,1282.0,30964.0,34423.0,0.0,0.0,0.48,0.48,3.66,63.61,2024-05-04 06:00:52+00:00,52419.3,98285.8,7466046.8,3.4293880943912414,0.21166998494598813,0.21005725895581995,1
29984,54257,106417,8090754,1282.0,30368.0,32936.0,0.0,0.0,0.48,0.48,4.09,62.54,2024-05-04 06:30:52+00:00,51000.2,156720.4,11910975.3,3.4034266853458583,0.2468919132739516,0.24549402096619963,1
29985,51137,97926,7450022,1279.0,29442.0,31510.0,0.0,0.0,0.48,0.48,4.21,62.91,2024-05-04 06:40:52+00:00,50769.0,156860.2,11923657.4,3.0044138960769224,0.1864738539946106,0.18569542419234827,1
29986,52193,96140,7312500,1305.0,29384.0,31916.0,0.0,0.0,0.48,0.48,4.17,63.4,2024-05-04 06:50:52+00:00,51261.1,157147.7,11947278.6,3.139464378598716,0.17376549763223834,0.17286069356310924,1
29988,52331,96151,7310246,1292.0,29917.0,32915.0,0.0,0.0,0.48,0.48,3.78,63.82,2024-05-04 07:10:52+00:00,50552.7,156428.1,11892275.0,3.157113021200996,0.17384376858407827,0.17265033098229812,1
29989,52028,105261,8000726,1259.0,29443.0,30785.0,0.0,0.0,0.48,0.48,4.42,62.58,2024-05-04 07:20:52+00:00,50530.8,156960.2,11932366.2,3.118362740704686,0.23866634778968376,0.23709183710406023,1
29991,49914,697418,53010460,1270.0,28537.0,30753.0,0.0,0.0,0.07,0.07,4.36,63.02,2024-05-04 07:40:52+00:00,50383.2,217715.8,16550234.0,2.84800599823208,4.452183804941576,4.437785628524353,1
29993,51744,397866,30244954,1260.0,29482.0,31889.0,0.0,0.0,0.12,0.12,3.79,62.58,2024-05-04 08:00:52+00:00,50798.7,188926.5,14362424.2,3.082042345784052,2.3207092444369066,2.313113669504524,1
29994,51707,101621,7726118,1253.0,29288.0,31099.0,0.0,0.0,0.48,0.48,4.36,62.95,2024-05-04 08:10:52+00:00,50543.7,188446.9,14325960.6,3.077310463347209,0.21276577827174697,0.21146306709901325,1
29995,52221,396929,30172924,1245.0,29769.0,31652.0,0.0,0.0,0.12,0.12,4.08,62.82,2024-05-04 08:20:52+00:00,50652.1,218347.2,16598250.8,3.143045262604976,2.314041982448361,2.306391213117734,1
30006,52592,104351,7927706,1319.0,29573.0,31424.0,0.0,0.0,0.48,0.48,4.33,62.6,2024-05-04 10:10:52+00:00,47377.8,124776.7,9486687.6,3.190491975687917,0.23219120541019958,0.23027698543998443,1
30017,51846,103399,7860600,1295.0,29681.0,31822.0,0.0,0.0,0.48,0.48,4.12,63.08,2024-05-04 12:00:52+00:00,48465.9,126017.9,9580975.3,3.095086994663998,0.2254172103055084,0.22401407889698974,1
30027,52258,98355,7481610,1263.0,30097.0,32693.0,0.0,0.0,0.48,0.48,3.98,62.9,2024-05-04 13:40:52+00:00,48627.3,94960.4,7223422.5,3.147777145041819,0.18952642111636744,0.18864348683771703,1
30029,52884,101528,7724884,1301.0,30388.0,33068.0,0.0,0.0,0.48,0.48,4.14,63.18,2024-05-04 14:00:52+00:00,48690.2,125035.5,9507460.7,3.2278354803246248,0.21210403295164584,0.21134789965237574,1
30030,51880,419747,31909945,1266.0,29456.0,31861.0,0.0,0.0,0.12,0.12,4.39,63.16,2024-05-04 14:10:52+00:00,49089.5,157129.3,11947312.4,3.0994352109573136,2.4764043987286577,2.4685048868014463,1
30035,51935,106855,8133298,1366.0,29338.0,31405.0,0.0,0.0,0.48,0.48,4.44,62.77,2024-05-04 15:00:52+00:00,50008.9,219471.1,16688323.9,3.1064690902553234,0.25000852026539566,0.2494645913468685,1
30037,51251,100571,7651449,1276.0,29211.0,31405.0,0.0,0.0,0.48,0.48,4.17,62.94,2024-05-04 15:20:52+00:00,49731.7,248919.9,18926472.2,3.0189932095309797,0.2052944601415729,0.2044943166346901,1
30038,51254,103206,7861757,1371.0,28983.0,31416.0,0.0,0.0,0.47,0.47,4.16,62.88,2024-05-04 15:30:52+00:00,50030.2,219951.3,16726848.9,3.0193768756745074,0.22404391087777165,0.22412206004428276,1
30044,54391,113325,8636752,1336.0,30398.0,32841.0,0.0,0.0,0.48,0.48,4.38,63.16,2024-05-04 16:30:52+00:00,49990.3,130455.3,9925626.8,3.4205637730901013,0.29604607102942065,0.29645122966083215,1
30045,51326,109226,8305322,1261.0,29141.0,30663.0,0.0,0.0,0.47,0.47,4.51,62.94,2024-05-04 16:40:52+00:00,49929.4,130692.4,9942829.2,3.028584863119175,0.26687946815743635,0.2655193440538115,1
30048,53231,410136,31170948,1262.0,29692.0,31825.0,0.0,0.0,0.13,0.13,4.67,63.24,2024-05-04 17:10:52+00:00,49497.2,160763.9,12230185.7,3.272212864259343,2.4080169334437977,2.399535358792722,1
30049,52141,407606,30989526,1330.0,29304.0,30916.0,0.0,0.0,0.13,0.13,4.7,62.47,2024-05-04 17:20:52+00:00,49604.2,191293.9,14551474.1,3.132814165444234,2.3900146145206165,2.382603504251501,1
30051,51732,106960,8134094,1395.0,29243.0,31425.0,0.0,0.0,0.48,0.48,4.86,62.74,2024-05-04 17:40:52+00:00,50069.0,193212.4,14695889.7,3.080507681209941,0.25075565207841305,0.2495388808829491,1
30058,46452,695802,52884255,1333.0,26592.0,27434.0,0.0,0.0,0.07,0.07,4.84,63.67,2024-05-04 18:50:52+00:00,48530.7,220487.0,16764494.1,2.405255268600972,4.440685090562185,4.4260070972416266,1
30063,49002,697851,53045459,1370.0,27755.0,29075.0,0.0,0.0,0.07,0.07,4.75,62.24,2024-05-04 19:40:52+00:00,47560.5,247547.0,18820515.8,2.7313714905996216,4.455264834227639,4.441052034897826,1
30117,51631,97437,7406997,1294.0,29229.0,31647.0,0.0,0.0,0.48,0.48,3.85,63.29,2024-05-05 04:40:52+00:00,48694.8,95778.4,7286713.8,3.0675909210445043,0.1829943544082724,0.18167996277291712,1
30118,51170,98505,7495061,1300.0,28738.0,30241.0,0.0,0.0,0.48,0.48,4.43,63.14,2024-05-05 04:50:52+00:00,49089.5,95689.4,7280276.9,3.0086342236557284,0.19059375227782088,0.18989884933749085,1
30119,53693,100970,7674726,1328.0,29784.0,33007.0,0.0,0.0,0.48,0.48,3.88,62.72,2024-05-05 05:00:52+00:00,49617.4,96501.4,7341522.6,3.331297450362628,0.20813356103103905,0.20666672559366972,1
30122,52397,100687,7656088,1257.0,29477.0,30959.0,0.0,0.0,0.49,0.49,4.09,63.42,2024-05-05 05:30:52+00:00,50094.1,125243.5,9526736.7,3.1655536763586083,0.20611986290643025,0.2049272678380542,1
30123,53417,102409,7788085,1303.0,29646.0,32409.0,0.0,0.0,0.48,0.48,4.09,63.81,2024-05-05 05:40:52+00:00,50396.1,126183.0,9597805.2,3.296000165158068,0.21837282463991572,0.21724635815718615,1
30125,52288,98042,7472836,1277.0,29502.0,32962.0,0.0,0.0,0.48,0.48,3.89,62.84,2024-05-05 06:00:52+00:00,51196.3,127640.8,9710052.5,3.1516138064770973,0.18729925675946793,0.1878246220266981,1
30126,51635,100555,7645944,1307.0,29184.0,31245.0,0.0,0.0,0.48,0.48,4.51,62.87,2024-05-05 06:10:52+00:00,51556.2,128292.1,9758652.3,3.068102475902541,0.2051806114843512,0.2039805428958413,1
30128,55184,404433,30740109,1297.0,30369.0,33432.0,0.0,0.0,0.13,0.13,4.4,62.47,2024-05-05 06:30:52+00:00,51756.8,159282.2,12114160.2,3.521979523695956,2.367437002685338,2.3593257740748537,1
30129,53141,101026,7690839,1324.0,29701.0,32046.0,0.0,0.0,0.48,0.48,4.57,62.87,2024-05-05 06:40:52+00:00,51701.6,159287.8,12115771.5,3.2607028799535085,0.208532031331315,0.20817052872792408,1
30130,53973,101704,7740877,1355.0,30268.0,33281.0,0.0,0.0,0.48,0.48,4.07,62.52,2024-05-05 06:50:52+00:00,52066.6,159857.0,12159903.3,3.3671062904252245,0.21335636818108455,0.21284050335908028,1
30131,56892,106476,8098285,1338.0,31099.0,34220.0,0.0,0.0,0.48,0.48,4.21,63.07,2024-05-05 07:00:52+00:00,52918.2,131493.4,10002935.2,3.7404134480777964,0.24731173019745661,0.2461968783735148,1
30132,57156,110309,8393146,1400.0,31404.0,34239.0,0.0,0.0,0.48,0.48,4.31,62.34,2024-05-05 07:10:52+00:00,53394.1,132455.6,10076641.0,3.774176068708245,0.27458559914313013,0.27371583176328557,1
30134,55758,102659,7809396,1346.0,30776.0,34455.0,0.0,0.0,0.49,0.49,3.88,62.95,2024-05-05 07:30:52+00:00,53494.5,132417.2,10073262.0,3.5953876458242795,0.2201517099090048,0.21923528316147428,1
30135,54319,110861,8430705,1292.0,29827.0,31428.0,0.0,0.0,0.48,0.48,4.69,62.81,2024-05-05 07:40:52+00:00,53697.6,133699.1,10169048.9,3.4113557856454335,0.2785133778172788,0.2772211592578216,1
30137,54470,123109,9356342,1263.0,30751.0,33994.0,0.0,0.0,0.41,0.41,4.04,62.62,2024-05-05 08:00:52+00:00,53744.2,135189.4,10281568.7,3.430666981536334,0.36566452492049023,0.3636095302490589,1
30138,53581,103093,7837906,1284.0,30143.0,32894.0,0.0,0.0,0.48,0.48,4.34,62.95,2024-05-05 08:10:52+00:00,53583.9,105055.4,7991348.4,3.316973914337589,0.2232398547361434,0.22189608049018975,1
30139,55692,111496,8461547,1338.0,30276.0,32625.0,0.01,0.01,0.48,0.48,4.55,63.15,2024-05-05 08:20:52+00:00,53839.0,106102.4,8068419.2,3.586946990666667,0.28303174640076506,0.28009959879525553,1
30140,54446,106349,8068520,1302.0,30241.0,31537.0,0.01,0.01,0.49,0.49,4.29,63.19,2024-05-05 08:30:52+00:00,53886.3,106566.9,8101183.5,3.4275976523881115,0.24640805648075936,0.24341895369834066,1
30141,53327,102745,7787939,1290.0,29638.0,32228.0,0.01,0.01,0.47,0.47,4.66,62.96,2024-05-05 08:40:52+00:00,53529.8,106193.8,8070148.9,3.2844901808522335,0.22076364644157143,0.2172327321870005,1
30142,53768,409069,31072236,1280.0,30037.0,32043.0,0.0,0.0,0.13,0.13,4.36,63.35,2024-05-05 08:50:52+00:00,53191.0,136069.8,10338057.9,3.3408891039508233,2.4004246511153258,2.390322709690226,1
30143,51896,103936,7886573,1344.0,29013.0,31779.0,0.01,0.01,0.49,0.49,4.71,63.64,2024-05-05 09:00:52+00:00,53451.1,136707.6,10384299.2,3.1014814303894616,0.22923825586351174,0.22643810166158904,1
30146,51951,108131,8224573,1292.0,28945.0,30819.0,0.0,0.0,0.48,0.48,4.79,63.23,2024-05-05 09:30:52+00:00,51966.0,134106.0,10184960.3,3.108515309687472,0.25908795067882623,0.25798315592696325,1
30147,53305,105036,7984074,1302.0,30088.0,32284.0,0.0,0.0,0.48,0.48,4.2,63.78,2024-05-05 09:40:52+00:00,51849.5,132298.7,10047733.5,3.2816766291330293,0.23706535104750362,0.23553772987439453,1
30155,51653,97572,7413654,1348.0,29349.0,32516.0,0.0,0.0,0.48,0.48,4.2,62.96,2024-05-05 11:00:52+00:00,49178.0,128010.2,9737939.6,3.070404472763708,0.1839549524535805,0.18230125101624434,1
30159,52397,400582,30442980,1298.0,29555.0,31486.0,0.0,0.0,0.12,0.12,4.31,63.77,2024-05-05 11:40:52+00:00,48844.8,215725.2,16403818.2,3.1655536763586083,2.3400350540002903,2.331595151504391,1
30160,51827,96060,7304414,1390.0,29516.0,32049.0,0.0,0.0,0.48,0.48,4.11,62.48,2024-05-05 11:50:52+00:00,48957.6,185832.4,14129636.0,3.092657109088322,0.17319625434612984,0.17210603880337605,1
30161,54589,402315,30588258,1387.0,30086.0,33626.0,0.0,0.0,0.12,0.12,4.11,62.95,2024-05-05 12:00:52+00:00,49567.1,216364.8,16450743.4,3.4458857385629376,2.3523662866856156,2.345153738467601,1
30162,52198,105301,8000074,1351.0,29328.0,31657.0,0.0,0.0,0.47,0.47,4.64,62.99,2024-05-05 12:10:52+00:00,50025.4,217120.4,16507334.4,3.1401038221712625,0.23895096943273803,0.23703098688103946,1
30163,51534,98994,7538502,1324.0,28922.0,31361.0,0.0,0.0,0.49,0.49,4.54,63.08,2024-05-05 12:20:52+00:00,50554.8,218306.1,16598533.6,3.0551857157371045,0.1940732518641591,0.19395313543909476,1
30164,54286,110579,8410376,1309.0,29638.0,31726.0,0.0,0.0,0.47,0.47,4.43,62.36,2024-05-05 12:30:52+00:00,51333.5,219981.5,16723973.4,3.4071354580666275,0.2765067952337463,0.2753238829023163,1
30165,60490,418544,31890667,1419.0,32647.0,35606.0,0.0,0.0,0.13,0.13,4.5,62.74,2024-05-05 12:40:52+00:00,52217.2,252078.7,19171674.7,4.200557042882166,2.4678444028138014,2.4667056987655647,1
30166,51390,105992,8056418,1366.0,29119.0,30269.0,0.0,0.0,0.48,0.48,4.69,62.96,2024-05-05 12:50:52+00:00,52593.2,253000.0,19241106.9,3.036769740847769,0.24386780831650018,0.24228949142993958,1
30167,55377,107317,8154873,1354.0,30662.0,33790.0,0.0,0.0,0.48,0.48,4.1,62.43,2024-05-05 13:00:52+00:00,53132.1,223772.8,17019350.6,3.546662045596246,0.25329590024267223,0.2514781550917663,1
30168,56119,408380,31057040,1305.0,30907.0,33404.0,0.0,0.0,0.13,0.13,4.42,62.74,2024-05-05 13:10:52+00:00,54020.7,225406.4,17144360.2,3.6415554717621275,2.3955220433137163,2.388904488848165,1
30169,52154,102951,7822432,1273.0,29394.0,31635.0,0.0,0.0,0.48,0.48,4.06,63.15,2024-05-05 13:20:52+00:00,53996.4,195643.3,14882305.4,3.1344767187328544,0.22222944790330082,0.22045191430763825,1
30170,56158,116219,8848422,1356.0,31303.0,34372.0,0.0,0.0,0.53,0.53,3.83,62.96,2024-05-05 13:30:52+00:00,54429.5,197659.2,15036706.2,3.6465431316279893,0.31663844690439563,0.3162060865731155,1
30171,53545,102999,7828506,1394.0,30127.0,33199.0,0.0,0.0,0.49,0.49,4.11,63.62,2024-05-05 13:40:52+00:00,54325.1,167727.6,12760731.0,3.312369920615255,0.2225709938749659,0.22101879199878582,1
30172,52909,102496,7795398,1359.0,29813.0,32960.0,0.0,0.0,0.48,0.48,4.45,63.46,2024-05-05 13:50:52+00:00,54396.2,167447.1,12740263.4,3.2310326981873567,0.21899187671355871,0.21792886993778582,1
30173,52160,99754,7583912,1331.0,29702.0,32813.0,0.0,0.0,0.49,0.49,4.06,63.47,2024-05-05 14:00:52+00:00,54458.8,167523.1,12744804.4,3.13524405101991,0.19948106308218985,0.1981911854810789,1
30174,55896,110849,8420174,1369.0,30783.0,34186.0,0.0,0.0,0.49,0.49,4.31,63.47,2024-05-05 14:10:52+00:00,54619.8,167550.1,12745784.2,3.613036288426559,0.2784279913243625,0.2762383161617605,1
30175,52842,108113,8220528,1345.0,29418.0,31983.0,0.0,0.0,0.47,0.47,4.46,63.38,2024-05-05 14:20:52+00:00,53855.0,136507.0,10378770.3,3.2224641543152353,0.25895987093945183,0.25760564188997087,1
30176,53353,106421,8093978,1395.0,29542.0,31383.0,0.0,0.0,0.49,0.49,4.5,63.65,2024-05-05 14:30:52+00:00,54051.3,136549.9,10382526.3,3.2878152874294746,0.246920375438257,0.24579491225303857,1
30178,59150,112010,8515323,1373.0,32092.0,35615.0,0.0,0.0,0.48,0.48,4.32,62.73,2024-05-05 14:50:52+00:00,53497.3,135341.7,10289005.1,4.0291861654397385,0.2866891345140121,0.28511843559458916,1
30179,59081,411962,31315830,1421.0,31895.0,35994.0,0.0,0.0,0.13,0.13,4.06,63.51,2024-05-05 15:00:52+00:00,54190.0,166242.8,12638344.9,4.020361844138598,2.4210099114492243,2.413056987645018,1
30180,54049,107620,8187000,1336.0,29935.0,32366.0,0.0,0.0,0.47,0.47,4.45,63.65,2024-05-05 15:10:52+00:00,53979.1,165382.9,12572202.7,3.3768258327279295,0.25545190918880817,0.2544765218325464,1
30181,56798,113447,8636950,1356.0,30683.0,33472.0,0.0,0.0,0.48,0.48,4.39,63.45,2024-05-05 15:20:52+00:00,54304.4,166427.7,12653047.1,3.728391908913925,0.2969141670407361,0.29646970871628936,1
30182,57972,112719,8567836,1400.0,31419.0,34789.0,0.0,0.0,0.48,0.48,4.37,62.52,2024-05-05 15:30:52+00:00,54810.7,167450.0,12730290.9,3.878533259747813,0.29173405313714873,0.29001939841896074,1
30184,56334,113035,8593798,1361.0,30782.0,33248.0,0.0,0.0,0.48,0.48,4.52,63.15,2024-05-05 15:50:52+00:00,54704.6,167772.3,12755300.2,3.6690515453816213,0.2939825641172773,0.292442394569368,1
30185,56095,417380,31722554,1405.0,30561.0,33475.0,0.0,0.0,0.14,0.14,4.41,63.35,2024-05-05 16:00:52+00:00,55029.9,198699.0,15105502.8,3.638486142613905,2.4595619130009228,2.4510159540681835,1
30186,57316,120204,9136310,1337.0,31100.0,34108.0,0.0,0.0,0.48,0.48,4.43,63.54,2024-05-05 16:10:52+00:00,55426.2,200077.3,15209736.0,3.794638263029729,0.3449938780936753,0.34307425989367774,1
30187,52238,406774,30893392,1349.0,29224.0,30904.0,0.0,0.0,0.13,0.13,4.69,63.2,2024-05-05 16:20:52+00:00,55969.4,201594.2,15322937.4,3.1452193707516334,2.384094484345088,2.3736314561842007,1
30188,59220,116577,8846699,1353.0,31702.0,35033.0,0.01,0.01,0.49,0.49,4.35,63.59,2024-05-05 16:30:52+00:00,55976.4,202050.9,15356075.0,4.038138375455388,0.31918581060973117,0.3160452814592124,1
30189,54401,112098,8502084,1326.0,29632.0,31132.0,0.01,0.01,0.48,0.48,4.79,63.79,2024-05-05 16:40:52+00:00,55508.4,172064.5,13074700.4,3.421842660235194,0.2873153021287315,0.2838828587501534,1
30190,56082,109498,8303293,1336.0,30745.0,32974.0,0.01,0.01,0.48,0.48,4.2,63.67,2024-05-05 16:50:52+00:00,55711.7,172252.3,13086329.7,3.6368235893252843,0.26881489533020525,0.26532998039965633,1
30191,54076,406014,30836114,1358.0,29886.0,32210.0,0.0,0.0,0.13,0.13,4.28,63.04,2024-05-05 17:00:52+00:00,55439.5,201509.0,15306246.1,3.38027882801968,2.3786866731270573,2.3682857827575376,1
30192,54486,104942,7960916,1331.0,30209.0,32977.0,0.01,0.01,0.48,0.48,4.3,63.35,2024-05-05 17:10:52+00:00,55090.9,200731.3,15245554.1,3.4327132009684824,0.2363964901863261,0.2333764270144018,1
30193,57537,115443,8776958,1323.0,31168.0,34002.0,0.0,0.0,0.48,0.48,4.6,62.78,2024-05-05 17:20:52+00:00,55778.5,202196.5,15357211.8,3.8229016689362787,0.3111167870291432,0.30953645415293585,1
30195,52388,108047,8207350,1288.0,28547.0,29876.0,0.0,0.0,0.48,0.48,4.88,64.22,2024-05-05 17:40:52+00:00,54662.9,169798.0,12894180.6,3.1644026779280248,0.2584902452284123,0.2563757580878729,1
30196,52921,102656,7806646,1297.0,29607.0,31926.0,0.0,0.0,0.48,0.48,4.24,62.58,2024-05-05 17:50:52+00:00,54223.4,168043.2,12761214.2,3.232567362761468,0.2201303632857757,0.21897862961345718,1
30203,53854,106465,8100926,1440.0,29673.0,31623.0,0.0,0.0,0.49,0.49,4.22,62.87,2024-05-05 19:00:52+00:00,49836.0,131064.0,9963101.2,3.351887533398621,0.2472334592456167,0.24644335910817414,1
30204,54201,109906,8355542,1330.0,29541.0,30928.0,0.0,0.0,0.48,0.48,4.69,64.62,2024-05-05 19:10:52+00:00,50367.6,132216.3,10050786.4,3.396264917333339,0.27171803608935857,0.2702063044834183,1
30206,52578,107625,8206554,1367.0,28835.0,30076.0,0.0,0.0,0.49,0.49,4.24,62.33,2024-05-05 19:30:52+00:00,49860.7,132010.5,10040094.3,3.188701533684787,0.25548748689419,0.2563014685517923,1
30209,52156,103986,7900664,1354.0,28736.0,30867.0,0.0,0.0,0.49,0.49,4.3,62.28,2024-05-05 20:00:52+00:00,50354.9,163753.8,12453684.1,3.134732496161873,0.22959403291732955,0.22775319444162864,1
30216,51568,412170,31335956,1345.0,28100.0,28092.0,0.0,0.0,0.13,0.13,5.14,62.92,2024-05-05 21:10:52+00:00,48903.5,191907.3,14591314.1,3.0595339320304196,2.4224899439931065,2.414935318302251,1
30221,52952,397973,30239629,1385.0,28971.0,30849.0,0.0,0.0,0.12,0.12,4.01,61.85,2024-05-05 22:00:52+00:00,48298.6,188076.0,14295421.1,3.2365319129112553,2.3214706073320768,2.3126166949069997,1
30234,52345,405614,30836770,1317.0,28348.0,28761.0,0.0,0.0,0.13,0.13,4.52,62.31,2024-05-06 00:10:52+00:00,46640.7,155606.9,11834535.5,3.1589034632041257,2.375840456696515,2.36834700629481,1
30236,52769,110317,8394460,1324.0,28179.0,27961.0,0.0,0.0,0.48,0.48,4.57,61.59,2024-05-06 00:30:52+00:00,47223.7,157070.2,11944629.9,3.2131282781560584,0.274642523471741,0.2738384654949563,1
30237,52526,110325,8398258,1364.0,28363.0,28257.0,0.0,0.0,0.47,0.47,4.58,62.42,2024-05-06 00:40:52+00:00,47897.3,158863.2,12081499.3,3.1820513205303045,0.2746994478003519,0.2741929273769086,1
30239,51637,104811,7974547,1312.0,28208.0,29892.0,0.0,0.0,0.48,0.48,4.63,62.07,2024-05-06 01:00:52+00:00,48878.2,160177.4,12183354.6,3.0683582533315596,0.23546435430532345,0.2346485886555004,1
30244,52963,109667,8357471,1334.0,28881.0,29703.0,0.0,0.0,0.49,0.49,4.34,62.65,2024-05-06 01:50:52+00:00,49066.2,99932.4,7606716.9,3.2379386887708574,0.2700174217721094,0.2703863352812819,1
30245,52823,105564,8038109,1321.0,29183.0,31285.0,0.0,0.0,0.48,0.47,4.28,61.96,2024-05-06 02:00:52+00:00,49618.4,100516.9,7652269.8,3.220034268739559,0.24082235673581973,0.24058073877152322,1
30246,53018,109400,8341052,1311.0,29238.0,30590.0,0.0,0.0,0.48,0.48,4.43,62.21,2024-05-06 02:10:52+00:00,49643.3,100425.2,7646929.0,3.2449725680688677,0.26811757230472233,0.2688539736067755,1
30247,52435,104576,7971472,1303.0,29004.0,30324.0,0.0,0.0,0.48,0.48,4.44,62.23,2024-05-06 02:20:52+00:00,49634.2,99850.3,7604250.4,3.1704134475099606,0.23379220215237972,0.23436160332453582,1
31535,53345,101775,7737926,1745.0,29636.0,31414.0,0.0,0.0,0.48,0.48,4.25,61.8,2024-05-15 01:00:52+00:00,44213.7,88465.1,6728600.4,3.2867921777134,0.21386157159750585,0.2125650907699172,1
31767,51985,96572,7342134,1747.0,30572.0,35589.0,0.0,0.0,0.47,0.47,3.81,62.11,2024-05-16 15:40:52+00:00,43383.4,85018.3,6472957.2,3.1128635259807873,0.17683941137722425,0.17562639219654147,1
31912,55491,106675,8103412,1806.0,32038.0,36392.0,0.01,0.0,0.47,0.47,4.08,62.65,2024-05-17 15:50:52+00:00,47310.9,95573.5,7250582.1,3.561241359050303,0.2487277228716515,0.24667537391558159,1
32002,52544,103745,7876830,1678.0,30296.0,34073.0,0.01,0.0,0.49,0.48,4.05,61.93,2024-05-18 06:50:52+00:00,47464.8,92987.4,7060822.5,3.1843533173914715,0.22787918751792768,0.2255288014731052,1
32026,51203,96063,7296688,1734.0,29579.0,34247.0,0.01,0.0,0.47,0.47,3.78,61.91,2024-05-18 10:50:52+00:00,47289.8,92333.7,7010426.1,3.012854551234535,0.1732176009693589,0.17138498232629237,1
32065,51604,99668,7580522,1773.0,29729.0,34355.0,0.0,0.0,0.47,0.47,4.11,62.04,2024-05-18 17:20:52+00:00,47913.5,97360.5,7403942.9,3.0641379257527537,0.19886912654962322,0.197874801652796,1
32066,51303,105893,8055210,1831.0,29591.0,33246.0,0.0,0.0,0.46,0.46,4.26,62.65,2024-05-18 17:30:52+00:00,48496.8,98424.8,7485612.2,3.0256434226854623,0.24316336974994093,0.2421767505259379,1
32068,51798,106946,8137938,1809.0,29615.0,34432.0,0.0,0.0,0.47,0.46,4.58,62.65,2024-05-18 17:50:52+00:00,48889.5,99882.0,7596657.9,3.0889483363675527,0.25065603450334406,0.24989763587879552,1
32069,51432,103503,7868143,1818.0,29599.0,33392.0,0.0,0.0,0.47,0.47,4.37,62.58,2024-05-18 18:00:52+00:00,49216.6,100207.2,7620886.4,3.0421410668571585,0.22615722657744947,0.2247180562470599,1
32072,53648,110478,8409586,1787.0,30217.0,34312.0,0.0,0.0,0.47,0.47,4.2,62.33,2024-05-18 18:30:52+00:00,50322.9,101620.9,7731663.7,3.3255424582097106,0.27578812558503435,0.2752501533376132,1
32134,53237,103606,7878274,1741.0,30365.0,35407.0,0.0,0.0,0.48,0.48,4.17,62.38,2024-05-19 04:50:52+00:00,48753.5,96663.5,7353536.9,3.2729801965463987,0.22689012730831415,0.2256635679179549,1
32138,51375,105499,8025652,1715.0,29725.0,34230.0,0.0,0.0,0.51,0.51,4.02,62.43,2024-05-19 05:30:52+00:00,49766.3,98673.4,7508547.1,3.0348514101301296,0.24035984656585654,0.23941814486328722,1
32146,52147,98497,7490158,1747.0,29861.0,35132.0,0.0,0.0,0.48,0.48,3.97,62.12,2024-05-19 06:50:52+00:00,49282.4,98891.5,7526315.5,3.1335814977312895,0.19053682794921004,0.18944125939351708,1
32160,51393,101566,7737480,1744.0,29531.0,34612.0,0.0,0.0,0.47,0.47,4.43,63.18,2024-05-19 09:10:52+00:00,47812.3,97325.5,7407651.1,3.0371534069912967,0.2123744235125474,0.21252346623085697,1
32161,51241,118963,9042664,1748.0,29574.0,33570.0,0.0,0.0,0.54,0.54,4.28,62.8,2024-05-19 09:20:52+00:00,48311.4,99779.9,7592576.4,3.017714322385887,0.3361634916179172,0.3343344132909108,1
32162,52148,102992,7831844,1771.0,29825.0,34667.0,0.0,0.0,0.47,0.47,4.26,62.59,2024-05-19 09:30:52+00:00,48969.2,101345.6,7711581.7,3.133709386445799,0.2225211850874314,0.22133032274179715,1
32163,52700,106773,8121115,1729.0,30048.0,34829.0,0.0,0.0,0.48,0.48,4.32,62.57,2024-05-19 09:40:52+00:00,49296.1,102900.6,7829413.0,3.2043039568549183,0.24942504589713443,0.2483275694648713,1
32167,51524,97368,7406344,1805.0,29832.0,34715.0,0.0,0.0,0.47,0.47,3.88,61.75,2024-05-19 10:20:52+00:00,50676.2,103420.7,7866674.4,3.053906828592012,0.18250338207400382,0.18161901922133342,1
32172,51213,103399,7863913,1787.0,29435.0,33388.0,0.0,0.0,0.48,0.48,4.46,62.08,2024-05-19 11:10:52+00:00,49791.5,99521.5,7572037.5,3.0141334383796274,0.2254172103055084,0.22432327642592817,1
34936,1223,2561,194604,275.0,1085.0,1170.0,0.0,0.0,0.56,0.56,5.06,61.66,2024-06-07 15:50:52+00:00,26988.5,56596.0,4300623.2,-3.379023399938999,-0.4920997207521039,-0.49144231109751246,1
37721,2890,5445,414064,472.0,2510.0,2659.0,0.0,0.0,0.53,0.53,4.69,61.65,2024-06-27 00:00:52+00:00,20322.3,40837.4,3105856.0,-3.1658329128520384,-0.47157850028789244,-0.4709604246801189,1
39446,21263,3103327,235855720,1185.0,14896.0,15685.0,0.0,0.0,0.5,0.5,5.67,61.31,2024-07-08 23:30:52+00:00,20171.0,346826.7,26362571.1,-0.8161335611731402,21.571528120416787,21.50247098020027,1
39465,23418,3138927,238559364,1168.0,16706.0,17493.0,0.0,0.0,0.5,0.5,4.89,61.95,2024-07-09 02:40:52+00:00,21418.8,351665.7,26729193.7,-0.5405333814056539,21.82484138273507,21.754798189354865,1
39475,19045,3047631,231620412,1113.0,14096.0,14658.0,0.0,0.0,0.5,0.5,5.25,62.24,2024-07-09 04:20:52+00:00,22294.8,343425.6,26105293.3,-1.0997907299547107,21.175220944628048,21.10719577105656,1
39480,21543,3158123,240022204,1154.0,15750.0,16859.0,0.0,0.0,0.5,0.5,4.77,62.57,2024-07-09 05:10:52+00:00,21289.5,653293.6,49656016.0,-0.7803247211105434,21.961431309236804,21.891322944329893,1
39489,19662,3132357,238061608,1105.0,14487.0,15382.0,0.0,0.0,0.5,0.5,4.96,63.2,2024-07-09 06:40:52+00:00,20909.1,664479.7,50501584.9,-1.0208833931024885,21.778092277863408,21.708343337192392,1
39492,20020,3137075,238417294,1155.0,14851.0,15674.0,0.0,0.0,0.5,0.5,4.8,62.54,2024-07-09 07:10:52+00:00,20586.0,658377.4,50037392.8,-0.9750992333081683,21.811663400661658,21.741539000421486,1
39518,22647,3043080,231273540,1158.0,16303.0,17154.0,0.0,0.0,0.5,0.5,4.93,62.55,2024-07-09 11:30:52+00:00,21999.5,341406.8,25969124.1,-0.6391355802923044,21.14283811718955,21.074822705781003,1
39525,21290,3107771,236204058,1161.0,15344.0,15795.0,0.0,0.0,0.5,0.5,5.21,62.65,2024-07-09 12:40:52+00:00,22188.2,653332.2,49654065.9,-0.8126805658813898,21.603149584960114,21.534980865149063,1
39531,23134,2952424,224387718,1153.0,16777.0,17539.0,0.0,0.0,0.5,0.5,4.53,63.4,2024-07-09 13:40:52+00:00,22837.6,641503.8,48755511.7,-0.5768537763262879,20.497771625371396,20.43217883403039,1
39542,27543,2851497,216711903,1258.0,19227.0,20376.0,0.0,0.0,0.5,0.5,4.65,62.5,2024-07-09 15:30:52+00:00,23899.6,325846.3,24764661.1,-0.01299243405489713,19.77962141115799,19.71580605087662,1
39564,20459,2875805,218560558,1195.0,14541.0,15143.0,0.0,0.0,0.5,0.5,5.41,62.12,2024-07-09 19:10:52+00:00,23425.9,329407.2,25034752.4,-0.9189560876385968,19.952585983642056,19.88833836535282,1
39566,23740,2984579,226834280,1178.0,16764.0,16973.0,0.0,0.0,0.5,0.5,4.88,62.12,2024-07-09 19:30:52+00:00,22584.3,621965.8,47270727.0,-0.4993532153336676,20.726571848681633,20.66051294957359,1
39575,23218,3082756,234295998,1263.0,16385.0,16873.0,0.0,0.0,0.5,0.5,5.44,62.28,2024-07-09 21:00:52+00:00,23163.8,642997.0,48871646.2,-0.5661111243075088,21.42515432493506,21.35690436739288,1
39579,24885,2848254,216467494,1279.0,17140.0,17292.0,0.0,0.0,0.5,0.5,5.23,62.21,2024-07-09 21:40:52+00:00,22102.0,631100.3,47965886.5,-0.35292063722054845,19.756545711447366,19.69299571014305,1
39624,23227,3099120,235536828,1139.0,16890.0,17729.0,0.0,0.0,0.49,0.49,4.27,62.62,2024-07-10 05:10:52+00:00,22028.3,347156.4,26386216.5,-0.5649601258769253,21.541593039108555,21.47270924811508,1
39633,23268,6336891,481609429,1126.0,17088.0,17729.0,0.0,0.0,0.49,0.49,4.24,62.54,2024-07-10 06:40:52+00:00,22592.4,978662.8,74379618.5,-0.559716688582045,44.58008558544363,44.43831147227715,1
39643,21675,3144644,238995636,1072.0,16284.0,16716.0,0.0,0.0,0.5,0.5,4.12,62.16,2024-07-10 08:20:52+00:00,20000.9,348178.4,26466679.9,-0.7634434107953192,21.8655209310686,21.795514828155053,1
39668,30573,2932395,222863820,1238.0,21080.0,22118.0,0.0,0.0,0.5,0.5,4.52,62.87,2024-07-10 12:30:52+00:00,26146.2,337527.6,25653443.2,0.3745103709082042,20.35525445315306,20.289955623660873,1
39676,25968,2908878,221081109,1254.0,18346.0,19675.0,0.0,0.0,0.5,0.5,4.85,62.92,2024-07-10 13:50:52+00:00,27609.3,628059.6,47737572.5,-0.21441715940700426,20.187918273660387,20.12357776793756,1
39691,27206,2899378,220353998,1240.0,18751.0,19857.0,0.0,0.0,0.5,0.5,4.83,63.48,2024-07-10 16:20:52+00:00,27414.7,338900.3,25759471.5,-0.056090930844522595,20.120320633435004,20.055717543227647,1
39721,20478,2941813,223581502,1168.0,14443.0,15064.0,0.0,0.0,0.5,0.5,5.04,62.83,2024-07-10 21:20:52+00:00,22612.0,336680.2,25590805.7,-0.9165262020629206,20.422268619010183,20.356935853351057,1
39845,22873,2917692,221750074,1213.0,16412.0,17168.0,0.0,0.0,0.5,0.5,4.62,62.46,2024-07-11 18:00:52+00:00,26113.1,340599.9,25888652.3,-0.6102327308132085,20.25063465270739,20.186011310028203,1
39861,23684,2963207,225205864,1199.0,16509.0,16842.0,0.0,0.0,0.5,0.5,5.31,62.28,2024-07-11 20:40:52+00:00,24202.1,339908.6,25832259.5,-0.5065149833461869,20.574498504797745,20.508535224465295,1
39863,22910,2936130,223152016,1204.0,15994.0,16307.0,0.0,0.0,0.5,0.5,5.68,62.46,2024-07-11 21:00:52+00:00,23939.4,628826.5,47790657.6,-0.6055008483763653,20.381830999073248,20.316852542178815,1
39864,23271,3004978,228378426,1260.0,16299.0,16359.0,0.0,0.0,0.5,0.5,5.01,62.28,2024-07-11 21:10:52+00:00,23795.9,924455.7,70258877.1,-0.5593330224385172,20.871721771098223,20.804625876685012,1
39873,20974,3064500,232905942,1192.0,14763.0,15148.0,0.0,0.0,0.5,0.5,5.74,61.36,2024-07-11 22:40:52+00:00,21859.6,642921.9,48864040.4,-0.8530933996663205,21.2952530070451,21.227172438541075,1
39888,21121,3052014,231953402,1192.0,14848.0,15167.0,0.0,0.0,0.5,0.5,6.03,61.73,2024-07-12 01:10:52+00:00,21559.4,349245.6,26544548.3,-0.8342937586334572,21.206408361165717,21.13827324922173,1
39900,25168,3053110,232029222,1213.0,17654.0,18154.0,0.0,0.0,0.5,0.5,4.84,62.67,2024-07-12 03:10:52+00:00,23941.6,347283.5,26389769.6,-0.31672813101442376,21.214206994185403,21.14534942086197,1
39904,24339,3114220,236685512,1187.0,17349.0,18176.0,0.0,0.0,0.5,0.5,4.94,62.28,2024-07-12 03:50:52+00:00,24900.9,655330.1,49801983.9,-0.4227478753426122,21.649037709361533,21.579914275078888,1
39917,22332,3120795,237182982,1169.0,16221.0,17271.0,0.0,0.0,0.5,0.5,4.47,62.92,2024-07-12 06:00:52+00:00,22632.3,351196.2,26693955.3,-0.6794205253627259,21.695822391938577,21.626342435272367,1
39964,29778,3073797,233598998,1292.0,20527.0,21444.0,0.0,0.0,0.5,0.5,4.56,62.4,2024-07-12 13:50:52+00:00,29392.2,361624.0,27476980.6,0.2728388428733311,21.361406192431986,21.291854359040908,1
39966,28109,3040501,231075668,1274.0,19393.0,20621.0,0.0,0.0,0.5,0.5,4.45,63.01,2024-07-12 14:10:52+00:00,28816.5,657590.2,49969856.7,0.05939257835735216,21.12448713675363,21.056355596379824,1
39988,30848,2911294,221247340,1267.0,20760.0,21365.0,0.0,0.0,0.5,0.5,5.0,62.23,2024-07-12 17:50:52+00:00,31933.0,348249.9,26453065.7,0.4096797673982547,20.205109420900865,20.139091868279536,1
40015,22146,3057122,232333240,1242.0,15234.0,15414.0,0.0,0.0,0.5,0.5,5.55,61.75,2024-07-12 22:20:52+00:00,25578.3,353268.3,26838758.6,-0.703207826261451,21.242754544983743,21.173722983902355,1
40017,23690,2985412,226881328,1277.0,16086.0,16013.0,0.0,0.0,0.5,0.5,5.22,61.6,2024-07-12 22:40:52+00:00,24776.5,645429.4,49043227.2,-0.5057476510591313,20.73249909439824,20.664903871801627,1
40030,20606,3112190,236518640,1233.0,14352.0,14622.0,0.0,0.0,0.5,0.5,5.92,61.59,2024-07-13 00:50:52+00:00,22344.3,355970.9,27045136.2,-0.9001564466057335,21.634593160976532,21.564340351128084,1
40032,22939,2995587,227652808,1259.0,15857.0,16155.0,0.0,0.0,0.5,0.5,5.26,61.79,2024-07-13 01:10:52+00:00,22388.3,650881.3,49458003.1,-0.6017920756555963,20.804899724850163,20.73690499151953,1
40037,22304,3066702,233066232,1195.0,15772.0,15787.0,0.0,0.0,0.5,0.5,5.24,61.52,2024-07-13 02:00:52+00:00,22909.0,949988.3,72189635.0,-0.6830014093689856,21.310921428495238,21.242132073890772,1
40038,24522,2963902,225245828,1235.0,17170.0,17561.0,0.0,0.0,0.5,0.5,4.69,61.81,2024-07-13 02:10:52+00:00,23020.6,1241594.2,94351472.6,-0.399344240587415,20.579443805845813,20.51226500715364,1
40044,23793,3128815,237784236,1231.0,16708.0,16825.0,0.0,0.0,0.5,0.5,5.09,61.97,2024-07-13 03:10:52+00:00,24115.5,950140.8,72200964.9,-0.49257511346467603,21.752889031370955,21.682456607039448,1
40052,28504,2646129,201096678,1239.0,19764.0,20972.0,0.0,0.0,0.5,0.5,3.78,61.78,2024-07-13 04:30:52+00:00,25966.9,619493.1,47074001.0,0.10990862058851554,18.318316971388857,18.258459542027424,1
40054,28206,3084157,234391290,1245.0,19594.0,20522.0,0.0,0.0,0.5,0.5,4.13,62.04,2024-07-13 04:50:52+00:00,26607.6,614854.1,46722392.1,0.07179778366475179,21.435123197983035,21.365797832810205,1
40070,29325,3031994,230428784,1311.0,19933.0,20740.0,0.0,0.0,0.5,0.5,4.2,62.18,2024-07-13 07:40:52+00:00,28808.9,354069.2,26933179.5,0.2149052552006298,21.063955228817065,20.995982842286917,1
40077,28091,5991376,455334302,1246.0,19328.0,20257.0,0.0,0.0,0.5,0.5,4.51,62.31,2024-07-13 08:50:52+00:00,28460.6,946809.9,71948864.2,0.057090581496185226,42.1215594104464,41.98609162894993,1
40082,29962,2973093,225934045,1298.0,20306.0,21234.0,0.0,0.0,0.5,0.5,4.54,62.49,2024-07-13 09:40:52+00:00,28164.3,940146.6,71443171.7,0.2963703663430376,20.644842743878606,20.576495310737528,1
40083,28296,2978622,226364930,1210.0,19532.0,20190.0,0.0,0.0,0.5,0.5,4.33,62.89,2024-07-13 09:50:52+00:00,28561.4,1233188.9,93714294.7,0.08330776797058648,20.68418457048978,20.61670918856929,1
40085,31684,3070320,233332386,1378.0,21334.0,22124.0,0.0,0.0,0.5,0.5,4.22,62.22,2024-07-13 10:10:52+00:00,29011.0,1535091.4,116656863.8,0.516594732728008,21.336665456109493,21.266971844224933,1
40091,30981,5906632,448893566,1282.0,20987.0,21779.0,0.0,0.0,0.5,0.5,4.73,62.49,2024-07-13 11:10:52+00:00,29870.4,1530815.4,116329329.3,0.4266889664279882,41.51855999747166,41.384986993953035,1
40097,30051,2743881,208522656,1273.0,20628.0,21719.0,0.0,0.0,0.5,0.5,4.74,62.44,2024-07-13 12:10:52+00:00,30174.8,915352.4,69556835.5,0.307752461934363,19.013875342684834,18.95151539700812,1
40098,27738,3086296,234552264,1297.0,19008.0,20377.0,0.0,0.0,0.5,0.5,5.21,61.94,2024-07-13 12:20:52+00:00,30011.2,1218117.0,92566867.7,0.011945865274411372,21.450343340345363,21.380821304896934,1
40143,25711,3064229,232877354,1265.0,17799.0,18055.0,0.0,0.0,0.5,0.5,5.44,62.12,2024-07-13 20:10:52+00:00,27593.1,357227.6,27152358.8,-0.24728455903588778,21.293324695413407,21.224504361584454,1
40145,26660,3035906,230729694,1264.0,18223.0,18529.0,0.0,0.0,0.5,0.5,5.11,62.19,2024-07-13 20:30:52+00:00,27179.4,655068.3,49788251.4,-0.1259181689665864,21.09179122550777,21.024066340153762,1
40163,23127,3087439,234647338,1204.0,15929.0,16040.0,0.0,0.0,0.5,0.5,6.02,61.6,2024-07-13 23:30:52+00:00,23459.9,352329.7,26779035.8,-0.5777489973278528,21.458476403795636,21.389694424687544,1
40168,26668,3136523,238376331,1321.0,17792.0,18051.0,0.0,0.0,0.5,0.5,5.41,61.79,2024-07-14 00:20:52+00:00,23880.7,661688.7,50291176.1,-0.12489505925051221,21.807735621987508,21.737715982498788,1
40187,24964,3103246,235852688,1295.0,17207.0,18067.0,0.0,0.0,0.5,0.5,5.27,61.72,2024-07-14 03:30:52+00:00,24464.6,355153.1,26996863.1,-0.34281742877431576,21.5709517615896,21.50218800799751,1
40227,30280,3125697,237557822,1326.0,20436.0,21386.0,0.0,0.0,0.5,0.5,5.16,62.95,2024-07-14 10:10:52+00:00,28744.4,364412.2,27698207.7,0.33703897755698686,21.730702774294876,21.66132571379554,1
40228,26021,2956684,224712644,1243.0,18215.0,19187.0,0.0,0.0,0.5,0.5,5.25,63.17,2024-07-14 10:20:52+00:00,28373.1,653812.8,49693149.9,-0.20763905753801273,20.528083830356675,20.462503710664205,1
40230,28911,3039360,230994482,1335.0,19725.0,20643.0,0.0,0.0,0.5,0.5,5.71,62.35,2024-07-14 10:40:52+00:00,28201.9,951463.0,72313596.1,0.1619593273937902,21.116368304385507,21.04877862367098,1
40243,27951,3072191,233491308,1253.0,19360.0,19949.0,0.0,0.0,0.5,0.5,5.09,62.09,2024-07-14 12:50:52+00:00,30056.8,361750.2,27496177.9,0.039186161464886814,21.34997863346336,21.28180380610056,1
40245,29868,3174298,241249492,1300.0,20432.0,21538.0,0.0,0.0,0.5,0.5,5.06,62.05,2024-07-14 13:10:52+00:00,29898.3,672661.3,51125400.3,0.2843488271791658,22.076525186146867,22.0058639696531,1
40249,32022,2945908,223893655,1279.0,21677.0,22927.0,0.0,0.0,0.5,0.5,4.52,63.07,2024-07-14 13:50:52+00:00,29393.0,959871.5,72952630.1,0.5598211182321428,20.45140675971786,20.38606864425076,1
40282,26502,2993793,227528920,1242.0,18237.0,19389.0,0.0,0.0,0.5,0.5,4.36,61.98,2024-07-14 19:20:52+00:00,28489.7,351236.6,26694735.5,-0.14612458585905175,20.792134444159178,20.72534270251708,1
